"['Hexagonal Planae', '250795.cif']",Ag1,"[1.0, 0.6, 0.9, 1.0, 0.8, 0.8, 0.9, 0.9, 0.8, 1.0, 0.9, 0.9, 0.8, 0.8, 0.8, 0.9, 0.6, 0.8, 0.8, 0.6, 0.9, 1.0, 0.8, 0.8, 0.9, 0.9, 0.8, 1.0, 0.9, 0.9, 0.8, 0.8, 0.8, 0.9, 0.6, 0.8, 0.8, 0.8, 0.6, 0.9, 0.9, 0.5, 0.5, 0.9, 0.6, 0.5, 0.5, 0.9, 0.9, 0.9, 0.8, 1.0, 0.9, 0.9, 0.9, 0.9, 0.9, 0.8, 0.8, 0.9, 0.9, 0.8, 0.8, 0.9, 0.9, 0.9, 1.0, 0.8, 0.9, 0.9, 0.8, 0.8, 0.9, 0.9, 0.8, 1.0, 0.9, 0.9, 0.8, 0.8, 0.8, 0.9, 0.6, 0.8, 0.8, 1.0, 0.9, 0.6, 1.0, 0.8, 0.6, 0.9, 0.8, 0.8, 0.8, 0.9, 0.9, 1.0, 0.8, 0.9, 0.6, 1.0, 0.8, 0.6, 0.9, 0.8, 0.8, 0.8, 0.9, 0.9, 1.0, 0.8, 0.5, 0.9, 0.9, 0.5, 1.0, 0.6, 0.6, 0.6, 0.8, 0.5, 0.9, 0.6, 0.6, 0.9, 1.0, 0.5, 0.9, 0.9, 0.9, 0.8, 0.5, 0.6, 0.9, 0.8, 0.6, 0.9, 0.8, 0.8, 0.8, 0.9, 0.9, 1.0, 0.8, 0.9, 0.9, 0.8, 0.8, 0.8, 0.9, 0.6, 0.8, 0.8, 0.5, 0.9, 0.9, 0.9, 0.8, 0.5, 0.6, 0.9, 0.6, 0.6, 0.6, 0.8, 0.5, 0.9, 0.6, 1.0, 1.0, 0.9, 0.9, 0.8, 1.0, 1.0, 0.9, 0.9, 0.8, 1.0, 0.9, 0.9, 0.8, 1.0, 0.8, 0.9, 0.9, 0.9, 0.9, 0.8]"
,,
"['Hexagonal Planae', '258369.cif']",Na2,"[1.0, 1.0, 1.0, 1.0, 1.0, 1.0, 1.0, 1.0, 1.0, 1.0, 1.0, 1.0, 1.0, 1.0, 1.0, 1.0, 1.0, 1.0, 1.0, 1.0, 1.0, 1.0, 1.0, 1.0, 1.0, 1.0, 1.0, 1.0, 1.0, 1.0, 1.0, 1.0, 1.0, 1.0, 1.0, 1.0, 1.0, 1.0, 1.0, 1.0, 1.0, 1.0, 1.0, 1.0, 1.0, 1.0, 1.0, 1.0, 1.0, 1.0, 1.0, 1.0, 1.0, 1.0, 1.0, 1.0, 1.0, 1.0, 1.0, 1.0, 1.0, 1.0, 1.0, 1.0, 1.0, 1.0, 1.0, 1.0, 1.0, 1.0, 1.0, 1.0, 1.0, 1.0, 1.0, 1.0, 1.0, 1.0, 1.0, 1.0, 1.0, 1.0, 1.0, 1.0, 1.0, 1.0, 1.0, 1.0, 1.0, 1.0, 1.0, 1.0, 1.0, 1.0, 1.0, 1.0, 1.0, 1.0, 1.0, 1.0, 1.0, 1.0, 1.0, 1.0, 1.0, 1.0, 1.0, 1.0, 1.0, 1.0, 1.0, 1.0, 1.0, 1.0, 1.0, 1.0, 1.0, 1.0, 1.0, 1.0, 1.0, 1.0, 1.0, 1.0, 1.0, 1.0, 1.0, 1.0, 1.0, 1.0, 0.9, 0.9, 1.0, 1.0, 1.0, 1.0, 1.0, 1.0, 1.0, 1.0, 1.0, 1.0, 1.0, 1.0, 1.0, 1.0, 1.0, 1.0, 1.0, 1.0, 1.0, 1.0, 1.0, 1.0, 1.0, 1.0, 1.0, 1.0, 1.0, 1.0, 1.0, 1.0, 1.0, 1.0, 1.0, 1.0, 1.0, 1.0, 1.0, 1.0, 1.0, 1.0, 1.0, 1.0, 1.0, 1.0, 1.0, 1.0, 1.0, 1.0, 0.9, 1.0, 1.0, 1.0, 1.0, 1.0, 1.0, 1.0, 1.0, 1.0]"
,,
"['Hexagonal Planae', '258369.cif']",Na1,"[1.0, 1.0, 1.0, 1.0, 1.0, 1.0, 1.0, 1.0, 1.0, 1.0, 1.0, 1.0, 1.0, 1.0, 1.0, 1.0, 1.0, 1.0, 1.0, 1.0, 1.0, 1.0, 1.0, 1.0, 1.0, 1.0, 1.0, 1.0, 1.0, 1.0, 1.0, 1.0, 1.0, 1.0, 1.0, 1.0, 1.0, 1.0, 1.0, 1.0, 1.0, 1.0, 1.0, 1.0, 1.0, 1.0, 1.0, 1.0, 1.0, 1.0, 1.0, 1.0, 1.0, 1.0, 1.0, 1.0, 1.0, 1.0, 1.0, 1.0, 1.0, 1.0, 1.0, 1.0, 1.0, 1.0, 1.0, 1.0, 1.0, 1.0, 1.0, 1.0, 1.0, 1.0, 1.0, 1.0, 1.0, 1.0, 1.0, 1.0, 1.0, 1.0, 1.0, 1.0, 1.0, 1.0, 1.0, 1.0, 1.0, 1.0, 1.0, 1.0, 1.0, 1.0, 1.0, 1.0, 1.0, 1.0, 1.0, 1.0, 1.0, 1.0, 1.0, 1.0, 1.0, 1.0, 1.0, 1.0, 1.0, 1.0, 1.0, 1.0, 1.0, 1.0, 1.0, 1.0, 1.0, 1.0, 1.0, 1.0, 1.0, 1.0, 1.0, 1.0, 1.0, 1.0, 1.0, 1.0, 1.0, 1.0, 0.9, 0.9, 1.0, 1.0, 1.0, 1.0, 1.0, 1.0, 1.0, 1.0, 1.0, 1.0, 1.0, 1.0, 1.0, 1.0, 1.0, 1.0, 1.0, 1.0, 1.0, 1.0, 1.0, 1.0, 1.0, 1.0, 1.0, 1.0, 1.0, 1.0, 1.0, 1.0, 1.0, 1.0, 1.0, 1.0, 1.0, 1.0, 1.0, 1.0, 1.0, 1.0, 1.0, 1.0, 1.0, 1.0, 1.0, 1.0, 1.0, 1.0, 0.9, 1.0, 1.0, 1.0, 1.0, 1.0, 1.0, 1.0, 1.0, 1.0]"
,,
"['Hexagonal Planae', '67005.cif']",Mg1,"[1.0, 1.0, 1.0, 1.0, 1.0, 1.0, 1.0, 1.0, 1.0, 1.0, 1.0, 1.0, 1.0, 1.0, 1.0, 1.0, 1.0, 1.0, 1.0, 1.0, 1.0, 1.0, 1.0, 1.0, 1.0, 1.0, 1.0, 1.0, 1.0, 1.0, 1.0, 1.0, 1.0, 1.0, 1.0, 1.0, 1.0, 1.0, 1.0, 1.0, 1.0, 1.0, 1.0, 1.0, 1.0, 1.0, 1.0, 1.0, 1.0, 1.0, 1.0, 1.0, 1.0, 1.0, 1.0, 1.0, 1.0, 1.0, 1.0, 1.0, 1.0, 1.0, 1.0, 1.0, 1.0, 1.0, 1.0, 1.0, 1.0, 1.0, 1.0, 1.0, 1.0, 1.0, 1.0, 1.0, 1.0, 1.0, 1.0, 1.0, 1.0, 1.0, 1.0, 1.0, 1.0, 1.0, 1.0, 1.0, 1.0, 1.0, 1.0, 1.0, 1.0, 1.0, 1.0, 1.0, 1.0, 1.0, 1.0, 1.0, 1.0, 1.0, 1.0, 1.0, 1.0, 1.0, 1.0, 1.0, 1.0, 1.0, 1.0, 1.0, 1.0, 1.0, 1.0, 1.0, 1.0, 1.0, 1.0, 1.0, 1.0, 1.0, 1.0, 1.0, 1.0, 1.0, 1.0, 1.0, 1.0, 1.0, 1.0, 1.0, 1.0, 1.0, 1.0, 1.0, 1.0, 1.0, 1.0, 1.0, 1.0, 1.0, 1.0, 1.0, 1.0, 1.0, 1.0, 1.0, 1.0, 1.0, 1.0, 1.0, 1.0, 1.0, 1.0, 1.0, 1.0, 1.0, 1.0, 1.0, 1.0, 1.0, 1.0, 1.0, 1.0, 1.0, 1.0, 1.0, 1.0, 1.0, 1.0, 1.0, 1.0, 1.0, 1.0, 1.0, 1.0, 1.0, 1.0, 1.0, 1.0, 1.0, 1.0, 1.0, 1.0, 1.0, 1.0, 1.0, 1.0, 1.0]"
,,
"['Hexagonal Planae', '67005.cif']",Na1,"[1.0, 1.0, 1.0, 1.0, 1.0, 1.0, 1.0, 1.0, 1.0, 1.0, 1.0, 1.0, 1.0, 1.0, 1.0, 1.0, 1.0, 1.0, 1.0, 1.0, 1.0, 1.0, 1.0, 1.0, 1.0, 1.0, 1.0, 1.0, 1.0, 1.0, 1.0, 1.0, 1.0, 1.0, 1.0, 1.0, 1.0, 1.0, 1.0, 1.0, 1.0, 1.0, 1.0, 1.0, 1.0, 1.0, 1.0, 1.0, 1.0, 1.0, 1.0, 1.0, 1.0, 1.0, 1.0, 1.0, 1.0, 1.0, 1.0, 1.0, 1.0, 1.0, 1.0, 1.0, 1.0, 1.0, 1.0, 1.0, 1.0, 1.0, 1.0, 1.0, 1.0, 1.0, 1.0, 1.0, 1.0, 1.0, 1.0, 1.0, 1.0, 1.0, 1.0, 1.0, 1.0, 1.0, 1.0, 1.0, 1.0, 1.0, 1.0, 1.0, 1.0, 1.0, 1.0, 1.0, 1.0, 1.0, 1.0, 1.0, 1.0, 1.0, 1.0, 1.0, 1.0, 1.0, 1.0, 1.0, 1.0, 1.0, 1.0, 1.0, 1.0, 1.0, 1.0, 1.0, 1.0, 1.0, 1.0, 1.0, 1.0, 1.0, 1.0, 1.0, 1.0, 1.0, 1.0, 1.0, 1.0, 1.0, 1.0, 1.0, 1.0, 1.0, 1.0, 1.0, 1.0, 1.0, 1.0, 1.0, 1.0, 1.0, 1.0, 1.0, 1.0, 1.0, 1.0, 1.0, 1.0, 1.0, 1.0, 1.0, 1.0, 1.0, 1.0, 1.0, 1.0, 1.0, 1.0, 1.0, 1.0, 1.0, 1.0, 1.0, 1.0, 1.0, 1.0, 1.0, 1.0, 1.0, 1.0, 1.0, 1.0, 1.0, 1.0, 1.0, 1.0, 1.0, 1.0, 1.0, 1.0, 1.0, 1.0, 1.0, 1.0, 1.0, 1.0, 1.0, 1.0, 1.0]"
,,
"['Hexagonal Pyrimidal', '200026.cif']",Na1,"[1.0, 1.0, 1.0, 1.0, 1.0, 1.0, 1.0, 1.0, 1.0, 1.0, 1.0, 1.0, 1.0, 1.0, 1.0, 1.0, 1.0, 1.0, 1.0, 1.0, 1.0, 1.0, 1.0, 1.0, 1.0, 1.0, 1.0, 1.0, 1.0, 1.0, 1.0, 1.0, 1.0, 1.0, 1.0, 1.0, 1.0, 1.0, 1.0, 1.0, 1.0, 1.0, 1.0, 1.0, 1.0, 1.0, 1.0, 1.0, 1.0, 1.0, 1.0, 1.0, 1.0, 1.0, 1.0, 1.0, 1.0, 1.0, 1.0, 1.0, 1.0, 1.0, 1.0, 1.0, 1.0, 1.0, 1.0, 1.0, 1.0, 1.0, 1.0, 1.0, 1.0, 1.0, 1.0, 1.0, 1.0, 1.0, 1.0, 1.0, 1.0, 1.0, 1.0, 1.0, 1.0, 1.0, 1.0, 1.0, 1.0, 1.0, 1.0, 1.0, 1.0, 1.0, 1.0, 1.0, 1.0, 1.0, 1.0, 1.0, 1.0, 1.0, 1.0, 1.0, 1.0, 1.0, 1.0, 1.0, 1.0, 1.0, 1.0, 1.0, 1.0, 1.0, 1.0, 1.0, 1.0, 1.0, 1.0, 1.0, 1.0, 1.0, 1.0, 1.0, 1.0, 1.0, 1.0, 1.0, 1.0, 1.0, 1.0, 1.0, 1.0, 1.0, 1.0, 1.0, 1.0, 1.0, 1.0, 1.0, 1.0, 1.0, 1.0, 1.0, 1.0, 1.0, 1.0, 1.0, 1.0, 1.0, 1.0, 1.0, 1.0, 1.0, 1.0, 1.0, 1.0, 1.0, 1.0, 1.0, 1.0, 1.0, 1.0, 1.0, 1.0, 1.0, 1.0, 1.0, 1.0, 1.0, 1.0, 1.0, 1.0, 1.0, 1.0, 1.0, 1.0, 1.0, 1.0, 1.0, 1.0, 1.0, 1.0, 1.0, 1.0, 1.0, 1.0, 1.0, 1.0, 1.0]"
,,
"['Hexagonal Pyrimidal', '200026.cif']",Rb4,"[1.0, 1.0, 1.0, 1.0, 1.0, 1.0, 1.0, 1.0, 1.0, 1.0, 1.0, 1.0, 1.0, 1.0, 1.0, 1.0, 1.0, 1.0, 1.0, 1.0, 1.0, 1.0, 1.0, 1.0, 1.0, 1.0, 1.0, 1.0, 1.0, 1.0, 1.0, 1.0, 1.0, 1.0, 1.0, 1.0, 1.0, 1.0, 1.0, 1.0, 1.0, 1.0, 1.0, 1.0, 1.0, 1.0, 1.0, 1.0, 1.0, 1.0, 1.0, 1.0, 1.0, 1.0, 1.0, 1.0, 1.0, 1.0, 1.0, 1.0, 1.0, 1.0, 1.0, 1.0, 1.0, 1.0, 1.0, 1.0, 1.0, 1.0, 1.0, 1.0, 1.0, 1.0, 1.0, 1.0, 1.0, 1.0, 1.0, 1.0, 1.0, 1.0, 1.0, 1.0, 1.0, 1.0, 1.0, 1.0, 1.0, 1.0, 1.0, 1.0, 1.0, 1.0, 1.0, 1.0, 1.0, 1.0, 1.0, 1.0, 1.0, 1.0, 1.0, 1.0, 1.0, 1.0, 1.0, 1.0, 1.0, 1.0, 1.0, 1.0, 1.0, 1.0, 1.0, 1.0, 1.0, 1.0, 1.0, 1.0, 1.0, 1.0, 1.0, 1.0, 1.0, 1.0, 1.0, 1.0, 1.0, 1.0, 1.0, 1.0, 1.0, 1.0, 1.0, 1.0, 1.0, 1.0, 1.0, 1.0, 1.0, 1.0, 1.0, 1.0, 1.0, 1.0, 1.0, 1.0, 1.0, 1.0, 1.0, 1.0, 1.0, 1.0, 1.0, 1.0, 1.0, 1.0, 1.0, 1.0, 1.0, 1.0, 1.0, 1.0, 1.0, 1.0, 1.0, 1.0, 1.0, 1.0, 1.0, 1.0, 1.0, 1.0, 1.0, 1.0, 1.0, 1.0, 1.0, 1.0, 1.0, 1.0, 1.0, 1.0, 1.0, 1.0, 1.0, 1.0, 1.0, 1.0]"
,,
"['Hexagonal Pyrimidal', '200026.cif']",Rb5,"[1.0, 1.0, 1.0, 1.0, 1.0, 1.0, 1.0, 1.0, 1.0, 1.0, 1.0, 1.0, 1.0, 1.0, 1.0, 1.0, 1.0, 1.0, 1.0, 1.0, 1.0, 1.0, 1.0, 1.0, 1.0, 1.0, 1.0, 1.0, 1.0, 1.0, 1.0, 1.0, 1.0, 1.0, 1.0, 1.0, 1.0, 1.0, 1.0, 1.0, 1.0, 1.0, 1.0, 1.0, 1.0, 1.0, 1.0, 1.0, 1.0, 1.0, 1.0, 1.0, 1.0, 1.0, 1.0, 1.0, 1.0, 1.0, 1.0, 1.0, 1.0, 1.0, 1.0, 1.0, 1.0, 1.0, 1.0, 1.0, 1.0, 1.0, 1.0, 1.0, 1.0, 1.0, 1.0, 1.0, 1.0, 1.0, 1.0, 1.0, 1.0, 1.0, 1.0, 1.0, 1.0, 1.0, 1.0, 1.0, 1.0, 1.0, 1.0, 1.0, 1.0, 1.0, 1.0, 1.0, 1.0, 1.0, 1.0, 1.0, 1.0, 1.0, 1.0, 1.0, 1.0, 1.0, 1.0, 1.0, 1.0, 1.0, 1.0, 1.0, 1.0, 1.0, 1.0, 1.0, 1.0, 1.0, 1.0, 1.0, 1.0, 1.0, 1.0, 1.0, 1.0, 1.0, 1.0, 1.0, 1.0, 1.0, 1.0, 1.0, 1.0, 1.0, 1.0, 1.0, 1.0, 1.0, 1.0, 1.0, 1.0, 1.0, 1.0, 1.0, 1.0, 1.0, 1.0, 1.0, 1.0, 1.0, 1.0, 1.0, 1.0, 1.0, 1.0, 1.0, 1.0, 1.0, 1.0, 1.0, 1.0, 1.0, 1.0, 1.0, 1.0, 1.0, 1.0, 1.0, 1.0, 1.0, 1.0, 1.0, 1.0, 1.0, 1.0, 1.0, 1.0, 1.0, 1.0, 1.0, 1.0, 1.0, 1.0, 1.0, 1.0, 1.0, 1.0, 1.0, 1.0, 1.0]"
,,
"['Hexagonal Pyrimidal', '258376.cif']",Cs3,"[1.0, 1.0, 1.0, 1.0, 1.0, 1.0, 1.0, 0.9, 1.0, 1.0, 1.0, 1.0, 1.0, 1.0, 0.9, 0.9, 1.0, 1.0, 1.0, 1.0, 1.0, 1.0, 1.0, 1.0, 1.0, 1.0, 1.0, 1.0, 1.0, 1.0, 1.0, 1.0, 1.0, 0.9, 1.0, 1.0, 1.0, 1.0, 1.0, 1.0, 1.0, 1.0, 1.0, 1.0, 1.0, 1.0, 1.0, 1.0, 1.0, 1.0, 0.9, 1.0, 1.0, 1.0, 1.0, 1.0, 1.0, 1.0, 0.9, 1.0, 1.0, 1.0, 1.0, 1.0, 1.0, 0.9, 1.0, 1.0, 1.0, 1.0, 1.0, 1.0, 1.0, 0.9, 1.0, 1.0, 1.0, 1.0, 1.0, 1.0, 1.0, 0.9, 1.0, 1.0, 1.0, 1.0, 1.0, 1.0, 1.0, 1.0, 1.0, 1.0, 1.0, 1.0, 0.9, 1.0, 1.0, 1.0, 1.0, 1.0, 1.0, 1.0, 1.0, 1.0, 1.0, 1.0, 1.0, 0.9, 1.0, 1.0, 1.0, 1.0, 1.0, 1.0, 1.0, 1.0, 1.0, 1.0, 1.0, 1.0, 0.9, 1.0, 1.0, 1.0, 1.0, 0.9, 1.0, 0.9, 1.0, 0.9, 0.8, 0.8, 0.9, 1.0, 0.9, 1.0, 1.0, 1.0, 1.0, 1.0, 0.9, 1.0, 1.0, 1.0, 1.0, 1.0, 1.0, 1.0, 1.0, 1.0, 1.0, 1.0, 1.0, 1.0, 1.0, 1.0, 1.0, 0.9, 0.9, 1.0, 1.0, 1.0, 1.0, 1.0, 1.0, 1.0, 1.0, 1.0, 1.0, 1.0, 1.0, 0.9, 1.0, 1.0, 1.0, 1.0, 1.0, 1.0, 1.0, 1.0, 0.8, 1.0, 0.9, 0.9, 1.0, 1.0, 0.9, 1.0, 1.0, 1.0]"
,,
"['Hexagonal Pyrimidal', '258376.cif']",Na2,"[1.0, 1.0, 1.0, 1.0, 1.0, 1.0, 1.0, 1.0, 0.9, 1.0, 1.0, 1.0, 1.0, 0.9, 1.0, 0.9, 1.0, 1.0, 1.0, 1.0, 1.0, 1.0, 1.0, 1.0, 1.0, 1.0, 1.0, 1.0, 1.0, 1.0, 1.0, 1.0, 1.0, 0.9, 1.0, 1.0, 1.0, 1.0, 1.0, 1.0, 1.0, 1.0, 1.0, 1.0, 1.0, 1.0, 1.0, 1.0, 1.0, 1.0, 0.9, 1.0, 1.0, 1.0, 1.0, 1.0, 1.0, 1.0, 1.0, 0.9, 1.0, 1.0, 1.0, 1.0, 0.9, 1.0, 1.0, 1.0, 1.0, 1.0, 1.0, 1.0, 1.0, 1.0, 1.0, 1.0, 1.0, 1.0, 1.0, 0.9, 1.0, 1.0, 1.0, 1.0, 1.0, 1.0, 1.0, 1.0, 0.9, 1.0, 1.0, 1.0, 1.0, 1.0, 1.0, 0.9, 1.0, 1.0, 1.0, 1.0, 1.0, 1.0, 1.0, 1.0, 1.0, 1.0, 0.9, 1.0, 1.0, 1.0, 1.0, 1.0, 1.0, 1.0, 1.0, 1.0, 1.0, 1.0, 1.0, 1.0, 0.9, 1.0, 1.0, 1.0, 1.0, 1.0, 1.0, 1.0, 1.0, 0.9, 1.0, 1.0, 1.0, 1.0, 1.0, 1.0, 0.9, 0.9, 1.0, 0.8, 0.9, 0.8, 1.0, 0.9, 0.9, 1.0, 1.0, 1.0, 0.9, 1.0, 0.9, 1.0, 1.0, 1.0, 1.0, 1.0, 1.0, 1.0, 1.0, 1.0, 1.0, 1.0, 1.0, 1.0, 1.0, 1.0, 1.0, 1.0, 1.0, 1.0, 1.0, 0.9, 1.0, 1.0, 1.0, 1.0, 0.8, 0.9, 1.0, 0.9, 1.0, 1.0, 1.0, 1.0, 1.0, 1.0, 0.9, 1.0, 1.0, 1.0]"
,,
"['Hexagonal Pyrimidal', '258376.cif']",Na1,"[1.0, 1.0, 1.0, 1.0, 1.0, 1.0, 1.0, 1.0, 0.9, 1.0, 1.0, 1.0, 1.0, 0.9, 1.0, 0.9, 1.0, 1.0, 1.0, 1.0, 1.0, 1.0, 1.0, 1.0, 1.0, 1.0, 1.0, 1.0, 1.0, 1.0, 1.0, 1.0, 1.0, 0.9, 1.0, 1.0, 1.0, 1.0, 1.0, 1.0, 1.0, 1.0, 1.0, 1.0, 1.0, 1.0, 1.0, 1.0, 1.0, 1.0, 0.9, 1.0, 1.0, 1.0, 1.0, 1.0, 1.0, 1.0, 1.0, 0.9, 1.0, 1.0, 1.0, 1.0, 0.9, 1.0, 1.0, 1.0, 1.0, 1.0, 1.0, 1.0, 1.0, 1.0, 1.0, 1.0, 1.0, 1.0, 1.0, 0.9, 1.0, 1.0, 1.0, 1.0, 1.0, 1.0, 1.0, 1.0, 0.9, 1.0, 1.0, 1.0, 1.0, 1.0, 1.0, 0.9, 1.0, 1.0, 1.0, 1.0, 1.0, 1.0, 1.0, 1.0, 1.0, 1.0, 0.9, 1.0, 1.0, 1.0, 1.0, 1.0, 1.0, 1.0, 1.0, 1.0, 1.0, 1.0, 1.0, 1.0, 0.9, 1.0, 1.0, 1.0, 1.0, 1.0, 1.0, 1.0, 1.0, 0.9, 1.0, 1.0, 1.0, 1.0, 1.0, 1.0, 0.9, 0.9, 1.0, 0.8, 0.9, 0.8, 1.0, 0.9, 0.9, 1.0, 1.0, 1.0, 0.9, 1.0, 0.9, 1.0, 1.0, 1.0, 1.0, 1.0, 1.0, 1.0, 1.0, 1.0, 1.0, 1.0, 1.0, 1.0, 1.0, 1.0, 1.0, 1.0, 1.0, 1.0, 1.0, 0.9, 1.0, 1.0, 1.0, 1.0, 0.8, 0.9, 1.0, 0.9, 1.0, 1.0, 1.0, 1.0, 1.0, 1.0, 0.9, 1.0, 1.0, 1.0]"
,,
"['Hexagonal Pyrimidal', '258378.cif']",Cs3,"[1.0, 1.0, 1.0, 1.0, 1.0, 1.0, 1.0, 1.0, 1.0, 1.0, 1.0, 1.0, 1.0, 1.0, 1.0, 1.0, 1.0, 1.0, 1.0, 1.0, 1.0, 1.0, 1.0, 1.0, 1.0, 1.0, 1.0, 1.0, 1.0, 1.0, 1.0, 1.0, 1.0, 0.9, 1.0, 1.0, 1.0, 1.0, 1.0, 1.0, 1.0, 1.0, 1.0, 1.0, 1.0, 1.0, 1.0, 1.0, 1.0, 1.0, 0.9, 1.0, 1.0, 1.0, 1.0, 1.0, 1.0, 1.0, 0.9, 1.0, 1.0, 1.0, 1.0, 1.0, 1.0, 0.9, 1.0, 1.0, 1.0, 1.0, 1.0, 1.0, 1.0, 0.9, 1.0, 1.0, 1.0, 1.0, 1.0, 1.0, 1.0, 0.9, 1.0, 1.0, 1.0, 1.0, 1.0, 1.0, 1.0, 1.0, 1.0, 1.0, 1.0, 1.0, 0.9, 1.0, 1.0, 1.0, 1.0, 1.0, 1.0, 1.0, 1.0, 1.0, 1.0, 1.0, 1.0, 0.9, 1.0, 1.0, 1.0, 1.0, 1.0, 1.0, 1.0, 1.0, 1.0, 1.0, 1.0, 1.0, 0.9, 1.0, 1.0, 1.0, 1.0, 0.9, 1.0, 0.9, 1.0, 0.9, 0.9, 0.9, 0.9, 1.0, 1.0, 1.0, 1.0, 1.0, 1.0, 1.0, 0.9, 1.0, 1.0, 1.0, 1.0, 1.0, 1.0, 1.0, 1.0, 1.0, 1.0, 1.0, 1.0, 1.0, 1.0, 1.0, 1.0, 0.9, 0.9, 1.0, 1.0, 1.0, 1.0, 1.0, 1.0, 1.0, 1.0, 1.0, 1.0, 1.0, 1.0, 0.9, 1.0, 1.0, 1.0, 1.0, 1.0, 1.0, 1.0, 1.0, 0.9, 1.0, 0.9, 1.0, 1.0, 1.0, 1.0, 1.0, 1.0, 1.0]"
,,
"['Hexagonal Pyrimidal', '258378.cif']",Na1,"[1.0, 1.0, 1.0, 1.0, 1.0, 1.0, 1.0, 1.0, 1.0, 1.0, 1.0, 1.0, 1.0, 1.0, 1.0, 1.0, 1.0, 1.0, 1.0, 1.0, 1.0, 1.0, 1.0, 1.0, 1.0, 1.0, 1.0, 1.0, 1.0, 1.0, 1.0, 1.0, 1.0, 0.9, 1.0, 1.0, 1.0, 1.0, 1.0, 1.0, 1.0, 1.0, 1.0, 1.0, 1.0, 1.0, 1.0, 1.0, 1.0, 1.0, 0.9, 1.0, 1.0, 1.0, 1.0, 1.0, 1.0, 1.0, 1.0, 0.9, 1.0, 1.0, 1.0, 1.0, 0.9, 1.0, 1.0, 1.0, 1.0, 1.0, 1.0, 1.0, 1.0, 1.0, 1.0, 1.0, 1.0, 1.0, 1.0, 0.9, 1.0, 1.0, 1.0, 1.0, 1.0, 1.0, 1.0, 1.0, 0.9, 1.0, 1.0, 1.0, 1.0, 1.0, 1.0, 0.9, 1.0, 1.0, 1.0, 1.0, 1.0, 1.0, 1.0, 1.0, 1.0, 1.0, 0.9, 1.0, 1.0, 1.0, 1.0, 1.0, 1.0, 1.0, 1.0, 1.0, 1.0, 1.0, 1.0, 1.0, 0.9, 1.0, 1.0, 1.0, 1.0, 1.0, 1.0, 1.0, 1.0, 0.9, 1.0, 1.0, 1.0, 1.0, 1.0, 1.0, 0.9, 0.9, 1.0, 0.9, 0.9, 0.9, 1.0, 0.9, 1.0, 1.0, 1.0, 1.0, 0.9, 1.0, 0.9, 1.0, 1.0, 1.0, 1.0, 1.0, 1.0, 1.0, 1.0, 1.0, 1.0, 1.0, 1.0, 1.0, 1.0, 1.0, 1.0, 1.0, 1.0, 1.0, 1.0, 0.9, 1.0, 1.0, 1.0, 1.0, 0.9, 0.9, 1.0, 1.0, 1.0, 1.0, 1.0, 1.0, 1.0, 1.0, 1.0, 1.0, 1.0, 1.0]"
,,
"['Hexagonal Pyrimidal', '37304.cif']",Ag1,"[1.0, 1.0, 1.0, 1.0, 1.0, 1.0, 1.0, 1.0, 1.0, 1.0, 1.0, 1.0, 1.0, 1.0, 1.0, 1.0, 1.0, 1.0, 1.0, 1.0, 1.0, 1.0, 1.0, 1.0, 1.0, 1.0, 1.0, 1.0, 1.0, 1.0, 1.0, 1.0, 1.0, 1.0, 1.0, 1.0, 1.0, 1.0, 1.0, 1.0, 1.0, 1.0, 1.0, 1.0, 1.0, 1.0, 1.0, 1.0, 1.0, 1.0, 1.0, 1.0, 1.0, 1.0, 1.0, 1.0, 1.0, 1.0, 1.0, 1.0, 1.0, 1.0, 1.0, 1.0, 1.0, 1.0, 1.0, 1.0, 1.0, 1.0, 1.0, 1.0, 1.0, 1.0, 1.0, 1.0, 1.0, 1.0, 1.0, 1.0, 1.0, 1.0, 1.0, 1.0, 1.0, 1.0, 1.0, 1.0, 1.0, 1.0, 1.0, 1.0, 1.0, 1.0, 1.0, 1.0, 1.0, 1.0, 1.0, 1.0, 1.0, 1.0, 1.0, 1.0, 1.0, 1.0, 1.0, 1.0, 1.0, 1.0, 1.0, 1.0, 1.0, 1.0, 1.0, 1.0, 1.0, 1.0, 1.0, 1.0, 1.0, 1.0, 1.0, 1.0, 1.0, 1.0, 1.0, 1.0, 1.0, 1.0, 1.0, 1.0, 1.0, 1.0, 1.0, 1.0, 1.0, 1.0, 1.0, 1.0, 1.0, 1.0, 1.0, 1.0, 1.0, 1.0, 1.0, 1.0, 1.0, 1.0, 1.0, 1.0, 1.0, 1.0, 1.0, 1.0, 1.0, 1.0, 1.0, 1.0, 1.0, 1.0, 1.0, 1.0, 1.0, 1.0, 1.0, 1.0, 1.0, 1.0, 1.0, 1.0, 1.0, 1.0, 1.0, 1.0, 1.0, 1.0, 1.0, 1.0, 1.0, 1.0, 1.0, 1.0, 1.0, 1.0, 1.0, 1.0, 1.0, 1.0]"
,,
"['Hexagonal Pyrimidal', '37304.cif']",Na2,"[1.0, 1.0, 1.0, 1.0, 1.0, 1.0, 1.0, 1.0, 1.0, 1.0, 1.0, 1.0, 1.0, 1.0, 1.0, 1.0, 1.0, 1.0, 1.0, 1.0, 1.0, 1.0, 1.0, 1.0, 1.0, 1.0, 1.0, 1.0, 1.0, 1.0, 1.0, 1.0, 1.0, 1.0, 1.0, 1.0, 1.0, 1.0, 1.0, 1.0, 1.0, 1.0, 1.0, 1.0, 1.0, 1.0, 1.0, 1.0, 1.0, 1.0, 1.0, 1.0, 1.0, 1.0, 1.0, 1.0, 1.0, 1.0, 1.0, 1.0, 1.0, 1.0, 1.0, 1.0, 1.0, 1.0, 1.0, 1.0, 1.0, 1.0, 1.0, 1.0, 1.0, 1.0, 1.0, 1.0, 1.0, 1.0, 1.0, 1.0, 1.0, 1.0, 1.0, 1.0, 1.0, 1.0, 1.0, 1.0, 1.0, 1.0, 1.0, 1.0, 1.0, 1.0, 1.0, 1.0, 1.0, 1.0, 1.0, 1.0, 1.0, 1.0, 1.0, 1.0, 1.0, 1.0, 1.0, 1.0, 1.0, 1.0, 1.0, 1.0, 1.0, 1.0, 1.0, 1.0, 1.0, 1.0, 1.0, 1.0, 1.0, 1.0, 1.0, 1.0, 1.0, 1.0, 1.0, 1.0, 1.0, 1.0, 1.0, 1.0, 1.0, 1.0, 1.0, 1.0, 1.0, 1.0, 1.0, 1.0, 1.0, 1.0, 1.0, 1.0, 1.0, 1.0, 1.0, 1.0, 1.0, 1.0, 1.0, 1.0, 1.0, 1.0, 1.0, 1.0, 1.0, 1.0, 1.0, 1.0, 1.0, 1.0, 1.0, 1.0, 1.0, 1.0, 1.0, 1.0, 1.0, 1.0, 1.0, 1.0, 1.0, 1.0, 1.0, 1.0, 1.0, 1.0, 1.0, 1.0, 1.0, 1.0, 1.0, 1.0, 1.0, 1.0, 1.0, 1.0, 1.0, 1.0]"
,,
"['Hexagonal Pyrimidal', '37304.cif']",Na1,"[1.0, 1.0, 1.0, 1.0, 1.0, 1.0, 1.0, 1.0, 1.0, 1.0, 1.0, 1.0, 1.0, 1.0, 1.0, 1.0, 1.0, 1.0, 1.0, 1.0, 1.0, 1.0, 1.0, 1.0, 1.0, 1.0, 1.0, 1.0, 1.0, 1.0, 1.0, 1.0, 1.0, 1.0, 1.0, 1.0, 1.0, 1.0, 1.0, 1.0, 1.0, 1.0, 1.0, 1.0, 1.0, 1.0, 1.0, 1.0, 1.0, 1.0, 1.0, 1.0, 1.0, 1.0, 1.0, 1.0, 1.0, 1.0, 1.0, 1.0, 1.0, 1.0, 1.0, 1.0, 1.0, 1.0, 1.0, 1.0, 1.0, 1.0, 1.0, 1.0, 1.0, 1.0, 1.0, 1.0, 1.0, 1.0, 1.0, 1.0, 1.0, 1.0, 1.0, 1.0, 1.0, 1.0, 1.0, 1.0, 1.0, 1.0, 1.0, 1.0, 1.0, 1.0, 1.0, 1.0, 1.0, 1.0, 1.0, 1.0, 1.0, 1.0, 1.0, 1.0, 1.0, 1.0, 1.0, 1.0, 1.0, 1.0, 1.0, 1.0, 1.0, 1.0, 1.0, 1.0, 1.0, 1.0, 1.0, 1.0, 1.0, 1.0, 1.0, 1.0, 1.0, 1.0, 1.0, 1.0, 1.0, 1.0, 1.0, 1.0, 1.0, 1.0, 1.0, 1.0, 1.0, 1.0, 1.0, 1.0, 1.0, 1.0, 1.0, 1.0, 1.0, 1.0, 1.0, 1.0, 1.0, 1.0, 1.0, 1.0, 1.0, 1.0, 1.0, 1.0, 1.0, 1.0, 1.0, 1.0, 1.0, 1.0, 1.0, 1.0, 1.0, 1.0, 1.0, 1.0, 1.0, 1.0, 1.0, 1.0, 1.0, 1.0, 1.0, 1.0, 1.0, 1.0, 1.0, 1.0, 1.0, 1.0, 1.0, 1.0, 1.0, 1.0, 1.0, 1.0, 1.0, 1.0]"
,,
"['Otahedral', '164019.cif']",Ge1,"[0.3, 0.6, 0.6, 0.6, 0.3, 0.6, 0.3, 0.6, 0.6, 0.6, 0.6, 0.3, 0.6, 0.3, 0.6, 0.6, 0.6, 0.3, 1.0, 0.6, 0.6, 0.6, 0.4, 0.6, 0.4, 0.6, 0.6, 0.6, 0.6, 0.4, 0.6, 0.3, 0.6, 0.6, 0.6, 1.0, 0.3, 1.0, 0.0, 0.6, 0.0, 0.6, 0.0, 1.0, 0.0, 0.0, 0.6, 0.0, 0.6, 1.0, 0.0, 0.0, 0.6, 0.6, 0.0, 0.6, 0.0, 0.6, 0.0, 1.0, 0.0, 0.0, 0.6, 0.0, 0.6, 1.0, 0.0, 0.0, 0.6, 0.6, 0.6, 1.0, 0.6, 1.0, 0.0, 0.0, 0.0, 0.6, 0.0, 0.6, 0.0, 0.0, 1.0, 0.6, 0.6, 0.6, 0.3, 0.6, 0.6, 0.6, 0.6, 0.4, 0.6, 1.0, 0.6, 0.6, 0.6, 0.4, 0.3, 0.6, 1.0, 0.0, 0.0, 0.0, 0.6, 0.0, 0.6, 0.0, 0.0, 1.0, 0.6, 0.6, 0.6, 0.6, 0.6, 0.6, 1.0, 0.6, 0.3, 0.6, 0.6, 0.6, 0.3, 0.3, 0.0, 0.0, 0.0, 0.6, 0.0, 0.6, 0.0, 0.0, 1.0, 0.6, 0.6, 0.0, 0.0, 0.6, 0.0, 0.6, 1.0, 0.0, 0.0, 0.6, 0.6, 1.0, 0.6, 1.0, 0.6, 0.0, 1.0, 0.0, 0.6, 0.6, 0.6, 1.0, 0.6, 0.0, 1.0, 0.0, 0.6, 0.6, 0.6, 0.4, 0.6, 0.6, 0.6, 0.3, 0.3, 0.6, 0.0, 1.0, 0.0, 0.6, 0.6, 0.6, 0.6, 0.6, 0.3, 0.3, 0.0, 0.0, 0.6, 0.6, 0.0, 0.6, 0.6, 0.6, 0.6, 0.3]"
,,
"['Otahedral', '164019.cif']",Ge2,"[0.6, 0.3, 0.5, 0.5, 0.6, 0.3, 0.6, 0.5, 0.4, 0.3, 0.5, 0.6, 0.4, 0.6, 0.5, 0.5, 0.4, 0.6, 1.0, 0.6, 1.0, 0.0, 0.1, 0.6, 0.1, 1.0, 0.7, 0.6, 0.0, 0.1, 0.5, 1.0, 0.1, 0.1, 0.5, 0.0, 0.6, 0.7, 0.6, 0.6, 0.4, 0.5, 0.7, 0.5, 0.4, 0.6, 0.6, 0.2, 0.6, 0.7, 0.5, 1.0, 0.6, 0.3, 0.1, 0.0, 0.6, 0.1, 1.0, 0.7, 0.6, 0.1, 0.0, 0.5, 1.0, 0.2, 0.0, 0.6, 0.1, 0.5, 1.0, 0.7, 1.0, 0.2, 0.5, 0.6, 0.1, 0.0, 0.6, 0.1, 0.0, 1.0, 0.7, 0.1, 0.5, 0.6, 1.0, 0.1, 0.5, 0.6, 0.0, 0.1, 0.5, 0.0, 0.1, 1.0, 0.7, 0.1, 0.6, 0.6, 0.7, 0.2, 0.4, 0.6, 0.6, 1.0, 0.6, 0.5, 0.7, 0.5, 0.5, 0.3, 0.0, 0.6, 0.6, 0.1, 0.0, 0.5, 0.1, 0.0, 1.0, 0.6, 0.1, 0.6, 0.6, 0.5, 0.0, 0.1, 0.6, 1.0, 0.1, 0.1, 0.6, 0.0, 0.5, 1.0, 0.6, 0.5, 0.3, 0.6, 0.6, 0.6, 0.3, 0.5, 0.4, 0.7, 0.6, 0.5, 0.5, 0.7, 0.7, 0.2, 0.6, 0.3, 1.0, 0.7, 0.1, 1.0, 0.2, 0.5, 1.0, 0.5, 0.7, 0.1, 1.0, 0.1, 0.5, 1.0, 0.6, 0.6, 0.6, 0.6, 0.3, 0.6, 0.4, 0.0, 0.0, 0.5, 0.1, 0.6, 0.1, 0.6, 1.0, 0.5, 0.6, 0.0, 0.5, 0.6, 0.4, 0.6]"
,,
"['Otahedral', '164019.cif']",Na1,"[1.0, 0.3, 0.3, 1.0, 0.4, 0.9, 0.5, 0.5, 0.3, 1.0, 0.5, 0.5, 0.9, 0.4, 0.3, 0.3, 0.3, 0.3, 0.3, 0.3, 0.3, 1.0, 0.4, 0.9, 0.5, 0.5, 0.3, 1.0, 0.5, 0.5, 0.9, 0.4, 0.3, 0.3, 0.3, 0.3, 0.3, 1.0, 0.3, 0.4, 0.5, 0.9, 0.5, 1.0, 0.3, 0.5, 0.9, 0.5, 0.4, 1.0, 0.3, 0.3, 0.3, 0.3, 0.3, 0.4, 0.5, 0.9, 0.5, 1.0, 0.3, 0.5, 0.9, 0.5, 0.4, 1.0, 0.3, 0.3, 0.3, 0.3, 0.4, 0.9, 0.5, 0.5, 0.3, 1.0, 0.5, 0.5, 0.9, 0.4, 0.3, 0.3, 0.3, 0.3, 0.3, 0.2, 0.2, 0.2, 0.4, 0.4, 0.2, 0.2, 0.2, 1.0, 0.4, 0.4, 0.4, 0.4, 0.4, 0.4, 0.4, 0.5, 0.9, 0.4, 0.4, 1.0, 0.2, 0.5, 0.5, 0.5, 0.5, 0.5, 0.4, 0.9, 0.5, 0.4, 1.0, 0.4, 0.2, 0.9, 0.5, 0.5, 0.5, 0.5, 0.5, 0.5, 1.0, 0.4, 0.4, 0.2, 0.5, 0.9, 0.9, 0.9, 0.9, 0.3, 0.5, 0.9, 0.5, 0.4, 1.0, 0.3, 0.3, 0.3, 0.3, 0.5, 0.5, 0.9, 0.4, 0.3, 0.3, 0.3, 0.3, 0.3, 0.4, 0.4, 0.2, 0.5, 0.9, 0.9, 0.9, 0.9, 0.4, 0.2, 0.9, 0.5, 0.5, 0.5, 0.5, 0.2, 0.5, 0.5, 0.5, 0.5, 0.5, 0.4, 0.4, 0.4, 0.4, 0.4, 0.3, 0.3, 0.3, 0.3, 1.0, 1.0, 1.0, 1.0, 1.0, 1.0]"
,,
"['Otahedral', '164019.cif']",Na2,"[0.2, 0.3, 0.3, 0.3, 0.2, 0.3, 0.2, 0.3, 0.3, 0.3, 0.3, 0.2, 0.3, 0.2, 0.3, 0.3, 0.3, 0.2, 1.0, 0.9, 0.9, 0.5, 0.5, 0.5, 0.5, 0.5, 0.9, 0.5, 0.5, 0.5, 0.5, 0.5, 0.9, 0.5, 0.5, 1.0, 0.2, 1.0, 0.3, 0.5, 0.3, 0.5, 0.3, 1.0, 0.3, 0.3, 0.5, 0.3, 0.5, 1.0, 0.3, 0.3, 0.9, 0.3, 0.3, 0.5, 0.3, 0.5, 0.3, 1.0, 0.3, 0.3, 0.5, 0.3, 0.5, 1.0, 0.3, 0.3, 0.9, 0.3, 0.9, 1.0, 0.5, 1.0, 0.3, 0.3, 0.3, 0.5, 0.3, 0.9, 0.3, 0.3, 1.0, 0.5, 0.3, 0.9, 0.5, 0.9, 0.5, 0.5, 0.5, 0.5, 0.5, 1.0, 0.5, 0.5, 0.9, 0.5, 0.2, 0.5, 1.0, 0.3, 0.3, 0.3, 0.5, 0.3, 0.9, 0.3, 0.3, 1.0, 0.5, 0.3, 0.5, 0.5, 0.9, 0.9, 1.0, 0.9, 0.5, 0.5, 0.9, 0.5, 0.5, 0.2, 0.3, 0.3, 0.3, 0.5, 0.3, 0.9, 0.3, 0.3, 1.0, 0.5, 0.3, 0.3, 0.3, 0.5, 0.3, 0.5, 1.0, 0.3, 0.3, 0.9, 0.3, 1.0, 0.9, 1.0, 0.5, 0.3, 1.0, 0.3, 0.5, 0.3, 0.9, 1.0, 0.5, 0.3, 1.0, 0.3, 0.5, 0.3, 0.9, 0.5, 0.5, 0.9, 0.5, 0.5, 0.2, 0.5, 0.3, 1.0, 0.3, 0.5, 0.3, 0.5, 0.5, 0.9, 0.5, 0.2, 0.3, 0.3, 0.9, 0.3, 0.3, 0.5, 0.3, 0.5, 0.3, 0.2]"
,,
"['Otahedral', '186330.cif']",Nb1,"[1.0, 0.0, 0.0, 1.0, 0.6, 0.6, 0.6, 0.6, 0.0, 1.0, 0.6, 0.6, 0.6, 0.6, 0.0, 0.0, 0.0, 0.0, 0.0, 0.0, 0.0, 1.0, 0.6, 0.6, 0.6, 0.6, 0.0, 1.0, 0.6, 0.6, 0.6, 0.6, 0.0, 0.0, 0.0, 0.0, 0.0, 1.0, 0.0, 0.6, 0.6, 0.6, 0.6, 1.0, 0.0, 0.6, 0.6, 0.6, 0.6, 1.0, 0.0, 0.0, 0.0, 0.0, 0.0, 0.6, 0.6, 0.6, 0.6, 1.0, 0.0, 0.6, 0.6, 0.6, 0.6, 1.0, 0.0, 0.0, 0.0, 0.0, 0.6, 0.6, 0.6, 0.6, 0.0, 1.0, 0.6, 0.6, 0.6, 0.6, 0.0, 0.0, 0.0, 0.0, 0.0, 0.3, 0.3, 0.3, 0.6, 0.6, 0.3, 0.3, 0.3, 1.0, 0.6, 0.6, 0.6, 0.6, 0.6, 0.3, 0.3, 0.6, 0.6, 0.3, 0.3, 1.0, 0.3, 0.6, 0.6, 0.6, 0.6, 0.6, 0.3, 0.6, 0.6, 0.3, 1.0, 0.3, 0.3, 0.6, 0.6, 0.6, 0.6, 0.6, 0.6, 0.6, 1.0, 0.3, 0.3, 0.3, 0.6, 0.6, 0.6, 0.6, 0.6, 0.0, 0.6, 0.6, 0.6, 0.6, 1.0, 0.0, 0.0, 0.0, 0.0, 0.6, 0.6, 0.6, 0.6, 0.0, 0.0, 0.0, 0.0, 0.0, 0.3, 0.3, 0.3, 0.6, 0.6, 0.6, 0.6, 0.6, 0.3, 0.3, 0.6, 0.6, 0.6, 0.6, 0.6, 0.3, 0.6, 0.6, 0.6, 0.6, 0.6, 0.6, 0.6, 0.6, 0.6, 0.6, 0.0, 0.0, 0.0, 0.0, 1.0, 1.0, 1.0, 1.0, 1.0, 1.0]"
,,
"['Otahedral', '186363.cif']",Nb1,"[1.0, 0.6, 0.6, 1.0, 0.6, 0.6, 0.0, 0.0, 0.0, 1.0, 0.0, 0.0, 0.6, 0.6, 0.0, 0.6, 0.6, 0.0, 0.0, 0.6, 0.6, 1.0, 0.6, 0.6, 0.0, 0.0, 0.0, 1.0, 0.0, 0.0, 0.6, 0.6, 0.0, 0.6, 0.6, 0.0, 0.0, 0.3, 0.6, 0.3, 0.3, 0.6, 0.6, 0.6, 0.6, 0.6, 0.6, 0.3, 0.3, 0.6, 0.3, 1.0, 0.6, 0.6, 0.6, 0.3, 0.3, 0.6, 0.6, 0.6, 0.6, 0.6, 0.6, 0.3, 0.3, 0.6, 1.0, 0.3, 0.6, 0.6, 0.6, 0.6, 0.0, 0.0, 0.0, 1.0, 0.0, 0.0, 0.6, 0.6, 0.0, 0.6, 0.6, 0.0, 0.0, 0.3, 0.6, 0.6, 0.6, 0.6, 0.6, 0.6, 0.3, 1.0, 0.6, 0.3, 0.3, 0.6, 0.6, 0.6, 0.6, 0.6, 0.6, 0.6, 0.6, 1.0, 0.3, 0.6, 0.3, 0.3, 0.6, 0.6, 1.0, 1.0, 0.0, 0.0, 0.0, 0.6, 0.6, 0.0, 0.6, 0.6, 0.0, 1.0, 1.0, 0.0, 0.0, 0.0, 0.6, 0.6, 0.0, 0.6, 0.6, 0.0, 1.0, 0.0, 0.0, 0.0, 0.6, 0.6, 0.0, 0.6, 0.6, 0.0, 1.0, 0.0, 0.0, 0.6, 0.6, 0.0, 0.6, 0.6, 0.0, 0.0, 1.0, 0.6, 0.6, 1.0, 0.6, 0.6, 1.0, 0.0, 0.6, 0.6, 1.0, 0.6, 0.6, 1.0, 0.0, 0.3, 0.6, 0.3, 0.3, 0.6, 0.6, 0.6, 0.3, 0.3, 0.6, 0.6, 0.6, 0.6, 1.0, 0.0, 0.3, 0.6, 0.6, 0.6, 0.6, 0.0]"
,,
"['Otahedral', '187230.cif']",Na1,"[0.6, 0.3, 0.5, 0.5, 0.6, 0.3, 0.6, 0.5, 0.3, 0.3, 0.5, 0.6, 0.3, 0.6, 0.5, 0.5, 0.3, 0.6, 1.0, 0.6, 1.0, 0.0, 0.1, 0.6, 0.1, 1.0, 0.7, 0.6, 0.0, 0.1, 0.5, 1.0, 0.1, 0.1, 0.5, 0.0, 0.6, 0.7, 0.6, 0.6, 0.4, 0.4, 0.7, 0.5, 0.4, 0.6, 0.6, 0.2, 0.6, 0.7, 0.4, 1.0, 0.7, 0.3, 0.1, 0.0, 0.6, 0.1, 1.0, 0.7, 0.6, 0.1, 0.0, 0.5, 1.0, 0.2, 0.0, 0.6, 0.1, 0.5, 1.0, 0.7, 1.0, 0.2, 0.5, 0.6, 0.1, 0.0, 0.6, 0.1, 0.0, 1.0, 0.7, 0.1, 0.5, 0.6, 1.0, 0.1, 0.5, 0.6, 0.0, 0.1, 0.5, 0.0, 0.1, 1.0, 0.7, 0.1, 0.6, 0.6, 0.7, 0.2, 0.4, 0.6, 0.6, 1.0, 0.7, 0.4, 0.7, 0.5, 0.4, 0.3, 0.0, 0.6, 0.7, 0.1, 0.0, 0.5, 0.1, 0.0, 1.0, 0.6, 0.1, 0.6, 0.6, 0.4, 0.0, 0.1, 0.6, 1.0, 0.1, 0.1, 0.6, 0.0, 0.5, 1.0, 0.6, 0.5, 0.3, 0.6, 0.6, 0.6, 0.3, 0.5, 0.3, 0.7, 0.6, 0.5, 0.4, 0.7, 0.7, 0.2, 0.6, 0.3, 1.0, 0.7, 0.1, 1.0, 0.2, 0.5, 1.0, 0.5, 0.7, 0.1, 1.0, 0.1, 0.5, 1.0, 0.6, 0.6, 0.6, 0.6, 0.3, 0.6, 0.3, 0.0, 0.0, 0.5, 0.1, 0.6, 0.1, 0.6, 1.0, 0.5, 0.6, 0.0, 0.5, 0.6, 0.3, 0.6]"
,,
"['Otahedral', '187230.cif']",Na2,"[0.6, 0.6, 0.4, 0.6, 0.4, 0.6, 0.6, 0.6, 0.3, 0.4, 0.6, 0.6, 0.6, 0.3, 0.6, 0.3, 0.6, 0.6, 1.0, 1.0, 0.5, 0.0, 0.6, 0.0, 1.0, 0.0, 0.6, 0.6, 0.0, 0.0, 1.0, 0.5, 0.0, 0.6, 0.0, 0.0, 0.6, 0.5, 0.0, 0.6, 0.0, 1.0, 0.0, 0.6, 0.6, 0.0, 0.0, 1.0, 0.5, 0.0, 0.6, 0.0, 0.0, 0.6, 0.6, 0.3, 0.6, 0.5, 0.6, 0.3, 0.3, 0.6, 0.6, 0.5, 0.3, 0.6, 1.0, 0.6, 0.6, 0.4, 0.5, 1.0, 0.0, 1.0, 0.5, 0.6, 0.0, 0.0, 0.0, 0.6, 0.0, 0.6, 1.0, 0.0, 0.6, 0.5, 0.6, 0.5, 0.3, 0.3, 0.6, 0.6, 0.6, 1.0, 0.6, 0.3, 0.5, 0.6, 0.4, 0.0, 1.0, 0.5, 0.6, 0.0, 0.0, 0.0, 0.6, 0.0, 0.6, 1.0, 0.0, 0.6, 0.0, 0.6, 0.6, 0.0, 0.0, 1.0, 0.6, 0.0, 0.6, 0.0, 0.0, 0.6, 0.6, 0.6, 0.0, 0.0, 0.0, 0.6, 0.0, 0.6, 1.0, 0.0, 0.6, 1.0, 0.6, 0.6, 0.6, 0.4, 0.6, 0.4, 0.6, 0.6, 0.3, 0.5, 0.5, 0.6, 0.3, 0.5, 0.3, 0.6, 0.5, 0.4, 1.0, 0.0, 0.6, 1.0, 0.5, 0.0, 1.0, 0.6, 0.0, 0.6, 1.0, 0.5, 0.0, 1.0, 0.6, 0.6, 0.0, 0.6, 0.0, 0.0, 0.6, 0.6, 0.4, 0.6, 0.6, 0.3, 0.6, 0.0, 1.0, 0.6, 0.6, 0.6, 0.3, 0.0, 0.6, 0.6]"
,,
"['Otahedral', '187230.cif']",Na5,"[0.3, 0.1, 0.5, 0.3, 0.8, 0.7, 0.4, 0.1, 0.3, 0.2, 0.1, 0.2, 0.1, 0.1, 0.1, 0.4, 0.1, 0.1, 0.0, 1.0, 0.7, 0.2, 0.1, 0.4, 1.0, 0.8, 0.8, 0.6, 0.7, 0.7, 0.9, 0.8, 0.7, 0.7, 0.4, 0.7, 0.9, 0.8, 0.3, 0.1, 0.3, 0.9, 0.9, 0.9, 0.7, 0.7, 0.7, 0.9, 0.8, 0.8, 0.8, 0.5, 0.7, 0.9, 0.4, 0.5, 0.1, 0.6, 0.7, 0.9, 0.7, 0.6, 0.5, 0.8, 0.8, 0.6, 0.9, 0.5, 0.5, 0.8, 0.8, 0.5, 0.1, 0.7, 0.6, 0.4, 0.5, 0.5, 0.1, 0.2, 0.4, 0.0, 0.6, 0.5, 0.1, 0.0, 0.3, 0.4, 0.5, 0.1, 0.4, 0.4, 0.1, 0.1, 0.3, 0.2, 0.4, 0.4, 0.0, 0.3, 0.6, 0.2, 0.5, 0.3, 0.3, 0.0, 0.2, 0.3, 0.4, 0.6, 0.3, 0.1, 0.6, 0.6, 0.7, 0.8, 0.9, 0.9, 0.9, 0.9, 0.7, 0.6, 0.8, 0.9, 0.9, 0.2, 0.2, 0.2, 0.6, 0.5, 0.3, 0.5, 0.0, 0.2, 0.6, 0.5, 0.4, 0.4, 0.8, 0.7, 0.5, 0.8, 0.3, 0.4, 0.8, 1.0, 0.9, 0.9, 1.0, 0.9, 0.9, 1.0, 0.9, 0.9, 1.0, 0.9, 1.0, 1.0, 0.8, 1.0, 1.0, 0.9, 0.9, 0.9, 1.0, 0.8, 0.9, 1.0, 0.9, 1.0, 0.9, 0.9, 0.8, 0.9, 1.0, 1.0, 0.9, 0.9, 0.9, 1.0, 0.9, 0.9, 1.0, 0.9, 0.8, 0.8, 0.9, 1.0, 0.8, 0.9]"
,,
"['Otahedral', '187230.cif']",Na4,"[1.0, 0.3, 0.3, 1.0, 0.5, 0.5, 0.9, 0.3, 0.3, 1.0, 0.3, 0.9, 0.5, 0.5, 0.3, 0.3, 0.3, 0.3, 0.3, 0.3, 0.3, 1.0, 0.5, 0.5, 0.9, 0.3, 0.3, 1.0, 0.3, 0.9, 0.5, 0.5, 0.3, 0.3, 0.3, 0.3, 0.3, 1.0, 0.3, 0.5, 0.9, 0.5, 0.3, 1.0, 0.3, 0.3, 0.5, 0.9, 0.5, 1.0, 0.3, 0.3, 0.3, 0.3, 0.3, 0.5, 0.9, 0.5, 0.3, 1.0, 0.3, 0.3, 0.5, 0.9, 0.5, 1.0, 0.3, 0.3, 0.3, 0.3, 0.5, 0.5, 0.9, 0.3, 0.3, 1.0, 0.3, 0.9, 0.5, 0.5, 0.3, 0.3, 0.3, 0.3, 0.3, 0.5, 0.5, 0.2, 0.5, 0.5, 0.2, 0.5, 0.5, 1.0, 0.5, 0.9, 0.9, 0.9, 0.9, 0.5, 0.2, 0.9, 0.5, 0.2, 0.5, 1.0, 0.5, 0.9, 0.5, 0.5, 0.5, 0.5, 0.2, 0.5, 0.9, 0.2, 1.0, 0.5, 0.5, 0.5, 0.5, 0.5, 0.5, 0.5, 0.3, 0.3, 1.0, 0.2, 0.2, 0.2, 0.3, 0.3, 0.3, 0.3, 0.3, 0.3, 0.3, 0.5, 0.9, 0.5, 1.0, 0.3, 0.3, 0.3, 0.3, 0.3, 0.9, 0.5, 0.5, 0.3, 0.3, 0.3, 0.3, 0.3, 0.2, 0.2, 0.2, 0.3, 0.3, 0.3, 0.3, 0.3, 0.5, 0.5, 0.5, 0.5, 0.5, 0.5, 0.5, 0.5, 0.9, 0.5, 0.5, 0.5, 0.5, 0.5, 0.9, 0.9, 0.9, 0.9, 0.3, 0.3, 0.3, 0.3, 1.0, 1.0, 1.0, 1.0, 1.0, 1.0]"
,,
"['Otahedral', '187230.cif']",Na3,"[1.0, 0.3, 0.3, 1.0, 0.5, 0.5, 0.4, 0.8, 0.3, 1.0, 0.8, 0.4, 0.5, 0.5, 0.3, 0.3, 0.3, 0.3, 0.3, 0.3, 0.3, 1.0, 0.5, 0.5, 0.4, 0.8, 0.3, 1.0, 0.8, 0.4, 0.5, 0.5, 0.3, 0.3, 0.3, 0.3, 0.3, 1.0, 0.3, 0.8, 0.5, 0.4, 0.5, 1.0, 0.3, 0.5, 0.4, 0.5, 0.8, 1.0, 0.3, 0.3, 0.3, 0.3, 0.3, 0.8, 0.5, 0.4, 0.5, 1.0, 0.3, 0.5, 0.4, 0.5, 0.8, 1.0, 0.3, 0.3, 0.3, 0.3, 0.5, 0.5, 0.4, 0.8, 0.3, 1.0, 0.8, 0.4, 0.5, 0.5, 0.3, 0.3, 0.3, 0.3, 0.3, 0.4, 0.2, 0.4, 0.8, 0.5, 0.4, 0.2, 0.4, 1.0, 0.8, 0.5, 0.5, 0.5, 0.5, 0.2, 0.4, 0.5, 0.5, 0.4, 0.2, 1.0, 0.4, 0.5, 0.8, 0.8, 0.8, 0.8, 0.2, 0.4, 0.4, 0.2, 1.0, 0.2, 0.2, 0.4, 0.4, 0.4, 0.4, 0.4, 0.5, 0.8, 1.0, 0.2, 0.4, 0.4, 0.5, 0.5, 0.5, 0.5, 0.5, 0.3, 0.5, 0.4, 0.5, 0.8, 1.0, 0.3, 0.3, 0.3, 0.3, 0.8, 0.4, 0.5, 0.5, 0.3, 0.3, 0.3, 0.3, 0.3, 0.2, 0.4, 0.4, 0.5, 0.5, 0.5, 0.5, 0.5, 0.2, 0.2, 0.4, 0.4, 0.4, 0.4, 0.4, 0.4, 0.5, 0.8, 0.8, 0.8, 0.8, 0.8, 0.5, 0.5, 0.5, 0.5, 0.3, 0.3, 0.3, 0.3, 1.0, 1.0, 1.0, 1.0, 1.0, 1.0]"
,,
"['Otahedral', '237851.cif']",Fe1,"[0.5, 0.7, 1.0, 0.5, 0.6, 1.0, 0.0, 0.1, 0.1, 0.1, 0.1, 1.0, 0.1, 0.6, 0.5, 0.1, 0.7, 0.6, 0.0, 0.3, 0.6, 0.2, 0.4, 0.5, 0.6, 0.5, 0.6, 0.5, 0.5, 0.6, 0.5, 0.3, 0.3, 0.5, 0.3, 1.0, 0.5, 0.6, 0.4, 0.4, 0.7, 0.6, 0.6, 0.4, 0.6, 0.5, 0.6, 0.6, 0.4, 0.3, 0.5, 1.0, 0.2, 0.4, 0.5, 0.6, 1.0, 0.0, 0.1, 0.2, 0.1, 0.0, 1.0, 0.0, 0.6, 0.5, 0.0, 0.6, 0.7, 0.1, 0.4, 0.6, 0.7, 0.8, 0.7, 0.5, 0.6, 0.6, 0.5, 0.4, 1.0, 0.6, 0.5, 0.2, 0.8, 0.5, 0.6, 0.6, 0.7, 0.6, 0.6, 0.6, 0.6, 1.0, 0.3, 0.6, 0.2, 0.5, 0.7, 0.1, 0.2, 0.0, 0.1, 0.0, 1.0, 0.0, 0.5, 0.6, 0.0, 0.7, 0.6, 0.1, 1.0, 1.0, 0.1, 0.1, 0.0, 0.0, 0.6, 0.5, 0.1, 0.7, 0.6, 1.0, 1.0, 0.2, 0.2, 0.2, 0.1, 0.6, 0.7, 0.2, 0.7, 0.4, 1.0, 0.2, 0.2, 0.1, 0.1, 0.7, 0.5, 0.2, 0.5, 0.6, 1.0, 1.0, 0.0, 1.0, 0.7, 0.6, 1.0, 0.4, 0.4, 0.3, 0.1, 1.0, 0.7, 0.7, 1.0, 0.4, 0.5, 0.3, 0.0, 0.5, 0.6, 0.0, 0.6, 0.7, 0.0, 0.7, 0.6, 1.0, 0.4, 0.4, 0.3, 0.4, 0.7, 0.2, 0.4, 0.7, 0.7, 0.4, 0.4, 0.7, 0.4, 0.4, 0.3, 0.2, 0.5, 0.4]"
,,
"['Otahedral', '237851.cif']",Fe2,"[0.5, 0.5, 0.5, 0.7, 0.6, 0.3, 0.6, 0.3, 0.5, 0.7, 0.3, 0.7, 0.3, 0.7, 0.5, 0.6, 0.7, 0.4, 1.0, 0.6, 0.5, 0.7, 0.7, 0.3, 0.6, 0.3, 0.5, 0.6, 0.3, 0.6, 0.4, 0.6, 0.6, 0.6, 0.6, 1.0, 0.4, 1.0, 0.1, 0.1, 0.6, 0.0, 0.6, 1.0, 0.0, 0.6, 0.0, 0.6, 0.0, 1.0, 0.1, 0.0, 0.6, 0.6, 0.0, 0.1, 0.6, 0.0, 0.6, 1.0, 0.0, 0.5, 0.0, 0.6, 0.1, 1.0, 0.0, 0.1, 0.6, 0.6, 1.0, 0.5, 1.0, 0.5, 0.0, 0.2, 0.5, 0.2, 0.5, 0.2, 0.0, 1.0, 0.1, 0.6, 0.6, 0.5, 1.0, 0.5, 0.0, 0.2, 0.5, 0.1, 0.6, 0.1, 0.1, 1.0, 0.1, 0.6, 0.6, 0.5, 0.3, 0.6, 0.5, 0.3, 0.5, 1.0, 0.6, 0.6, 0.5, 0.6, 0.3, 0.4, 0.5, 0.0, 0.2, 0.5, 0.1, 0.5, 0.1, 0.0, 1.0, 0.1, 0.6, 0.6, 0.6, 0.5, 1.0, 0.5, 0.2, 0.5, 0.6, 0.5, 0.5, 0.4, 0.4, 0.0, 0.6, 0.0, 0.6, 0.1, 1.0, 0.0, 0.0, 0.6, 0.6, 0.5, 1.0, 0.5, 1.0, 0.0, 0.1, 1.0, 0.6, 0.6, 0.6, 0.3, 0.5, 0.6, 0.5, 0.6, 0.4, 0.3, 0.5, 1.0, 0.1, 0.1, 1.0, 0.6, 0.6, 0.5, 0.6, 0.6, 0.5, 0.4, 0.4, 0.0, 0.1, 1.0, 0.6, 0.6, 0.0, 0.0, 0.6, 0.6, 0.1, 0.6, 0.6, 0.6, 0.6, 0.3]"
,,
"['Otahedral', '237851.cif']",Na1,"[0.4, 0.6, 0.6, 0.2, 0.7, 0.4, 0.5, 0.5, 0.2, 0.1, 0.8, 0.7, 0.4, 0.4, 0.7, 0.1, 0.3, 0.7, 0.9, 0.4, 1.0, 0.4, 0.1, 0.7, 0.2, 1.0, 0.5, 0.2, 0.2, 0.1, 0.6, 1.0, 0.3, 0.2, 0.7, 0.2, 0.7, 0.3, 0.6, 0.8, 0.1, 0.4, 0.3, 0.2, 0.3, 0.6, 0.6, 0.1, 0.4, 0.5, 0.3, 0.9, 0.5, 0.3, 0.3, 0.0, 0.7, 0.3, 1.0, 0.5, 0.2, 0.3, 0.2, 0.6, 1.0, 0.4, 0.1, 0.6, 0.3, 0.8, 0.9, 0.8, 0.8, 0.2, 0.5, 0.5, 0.2, 0.3, 0.8, 0.3, 0.3, 0.9, 0.6, 0.4, 0.2, 0.3, 0.9, 0.2, 0.5, 0.4, 0.3, 0.1, 0.4, 0.0, 0.1, 0.8, 0.6, 0.1, 0.6, 0.4, 0.5, 0.3, 0.6, 0.7, 0.7, 1.0, 0.5, 0.8, 0.8, 0.3, 0.8, 0.4, 0.4, 0.8, 0.7, 0.1, 0.2, 0.4, 0.3, 0.2, 0.9, 0.2, 0.3, 0.7, 0.6, 0.4, 0.1, 0.0, 0.5, 1.0, 0.2, 0.0, 0.6, 0.1, 0.8, 1.0, 0.4, 0.6, 0.4, 0.6, 0.5, 0.8, 0.4, 0.6, 0.5, 0.7, 0.8, 0.6, 0.4, 0.7, 0.8, 0.4, 0.8, 0.2, 1.0, 0.7, 0.0, 1.0, 0.4, 0.5, 1.0, 0.5, 0.7, 0.1, 1.0, 0.5, 0.5, 1.0, 0.4, 0.5, 0.8, 0.8, 0.3, 0.8, 0.4, 0.1, 0.0, 0.7, 0.0, 0.7, 0.5, 0.3, 1.0, 0.5, 0.2, 0.6, 0.2, 0.4, 0.0, 0.4]"
,,
"['Otahedral', '237851.cif']",Na3,"[1.0, 0.4, 0.4, 1.0, 0.6, 0.4, 0.3, 0.8, 0.4, 1.0, 0.8, 0.3, 0.4, 0.6, 0.4, 0.2, 0.2, 0.2, 0.2, 0.4, 0.4, 1.0, 0.6, 0.4, 0.3, 0.8, 0.4, 1.0, 0.8, 0.3, 0.4, 0.6, 0.4, 0.2, 0.2, 0.2, 0.2, 1.0, 0.4, 0.8, 0.5, 0.4, 0.6, 1.0, 0.4, 0.6, 0.4, 0.5, 0.8, 1.0, 0.2, 0.2, 0.2, 0.2, 0.4, 0.8, 0.5, 0.4, 0.6, 1.0, 0.4, 0.6, 0.4, 0.5, 0.8, 1.0, 0.2, 0.2, 0.2, 0.2, 0.6, 0.4, 0.3, 0.8, 0.4, 1.0, 0.8, 0.3, 0.4, 0.6, 0.4, 0.2, 0.2, 0.2, 0.2, 0.5, 0.2, 0.4, 0.8, 0.6, 0.4, 0.2, 0.5, 1.0, 0.8, 0.6, 0.6, 0.6, 0.6, 0.0, 0.4, 0.5, 0.4, 0.4, 0.0, 1.0, 0.5, 0.5, 0.8, 0.8, 0.8, 0.8, 0.4, 0.4, 0.3, 0.4, 1.0, 0.0, 0.2, 0.4, 0.5, 0.5, 0.5, 0.5, 0.6, 0.8, 1.0, 0.4, 0.4, 0.4, 0.6, 0.5, 0.5, 0.5, 0.5, 0.4, 0.6, 0.4, 0.5, 0.8, 1.0, 0.2, 0.2, 0.2, 0.2, 0.8, 0.3, 0.4, 0.6, 0.4, 0.2, 0.2, 0.2, 0.2, 0.4, 0.4, 0.4, 0.6, 0.5, 0.5, 0.5, 0.5, 0.0, 0.2, 0.4, 0.5, 0.5, 0.5, 0.5, 0.5, 0.5, 0.8, 0.8, 0.8, 0.8, 0.8, 0.6, 0.6, 0.6, 0.6, 0.2, 0.2, 0.2, 0.2, 1.0, 1.0, 1.0, 1.0, 1.0, 1.0]"
,,
"['Trigonal Prismatic', '150911.cif']",Co1,"[1.0, 0.1, 0.1, 1.0, 0.5, 0.6, 0.6, 0.6, 0.1, 1.0, 0.6, 0.6, 0.6, 0.5, 0.1, 0.1, 0.1, 0.1, 0.1, 0.1, 0.1, 1.0, 0.5, 0.6, 0.6, 0.6, 0.1, 1.0, 0.6, 0.6, 0.6, 0.5, 0.1, 0.1, 0.1, 0.1, 0.1, 1.0, 0.1, 0.6, 0.6, 0.6, 0.5, 1.0, 0.1, 0.5, 0.6, 0.6, 0.6, 1.0, 0.1, 0.1, 0.1, 0.1, 0.1, 0.6, 0.6, 0.6, 0.5, 1.0, 0.1, 0.5, 0.6, 0.6, 0.6, 1.0, 0.1, 0.1, 0.1, 0.1, 0.5, 0.6, 0.6, 0.6, 0.1, 1.0, 0.6, 0.6, 0.6, 0.5, 0.1, 0.1, 0.1, 0.1, 0.1, 0.4, 0.3, 0.3, 0.6, 0.5, 0.3, 0.3, 0.4, 1.0, 0.6, 0.6, 0.6, 0.6, 0.6, 0.4, 0.4, 0.6, 0.6, 0.4, 0.4, 1.0, 0.4, 0.6, 0.6, 0.6, 0.6, 0.6, 0.3, 0.6, 0.6, 0.3, 1.0, 0.4, 0.3, 0.6, 0.5, 0.5, 0.5, 0.5, 0.5, 0.6, 1.0, 0.3, 0.4, 0.3, 0.5, 0.6, 0.6, 0.6, 0.6, 0.1, 0.5, 0.6, 0.6, 0.6, 1.0, 0.1, 0.1, 0.1, 0.1, 0.6, 0.6, 0.6, 0.5, 0.1, 0.1, 0.1, 0.1, 0.1, 0.3, 0.4, 0.3, 0.5, 0.6, 0.6, 0.6, 0.6, 0.4, 0.3, 0.6, 0.5, 0.5, 0.5, 0.5, 0.4, 0.6, 0.6, 0.6, 0.6, 0.6, 0.6, 0.6, 0.6, 0.6, 0.6, 0.1, 0.1, 0.1, 0.1, 1.0, 1.0, 1.0, 1.0, 1.0, 1.0]"
,,
"['Trigonal Prismatic', '150911.cif']",Na1,"[0.5, 0.5, 1.0, 0.4, 0.4, 1.0, 0.5, 0.8, 0.0, 0.0, 0.8, 1.0, 0.5, 0.4, 0.4, 0.5, 0.5, 0.5, 0.5, 1.0, 0.5, 0.4, 0.8, 0.5, 1.0, 0.4, 0.0, 0.0, 0.4, 0.5, 1.0, 0.8, 0.4, 0.5, 0.5, 0.5, 0.5, 0.5, 0.4, 0.8, 0.5, 1.0, 0.4, 0.0, 0.0, 0.4, 0.5, 1.0, 0.8, 0.4, 0.5, 0.5, 0.5, 0.5, 0.4, 0.4, 1.0, 0.5, 0.8, 0.0, 0.0, 0.8, 1.0, 0.5, 0.4, 0.4, 0.5, 0.5, 0.5, 0.5, 0.7, 0.4, 0.4, 0.7, 0.6, 0.6, 0.0, 0.4, 0.4, 0.0, 0.4, 0.8, 0.8, 0.8, 0.8, 0.4, 0.8, 0.0, 0.6, 0.6, 0.7, 0.4, 0.8, 0.4, 0.0, 0.4, 0.4, 0.4, 0.4, 0.5, 0.8, 0.0, 0.0, 0.8, 1.0, 0.5, 0.4, 0.4, 0.5, 0.5, 0.5, 0.5, 0.4, 0.0, 0.0, 0.4, 0.5, 1.0, 0.8, 0.4, 0.5, 0.5, 0.5, 0.5, 0.6, 0.6, 0.4, 0.8, 0.4, 0.7, 0.0, 0.4, 0.4, 0.4, 0.4, 1.0, 0.6, 0.0, 0.0, 0.6, 0.6, 0.0, 0.0, 0.0, 0.0, 0.6, 0.0, 0.0, 0.6, 0.6, 0.0, 0.0, 0.0, 0.0, 0.8, 0.4, 0.0, 0.7, 0.4, 0.4, 0.4, 0.4, 0.5, 0.4, 0.4, 0.5, 0.5, 0.5, 0.5, 0.8, 0.4, 0.5, 0.5, 0.5, 0.5, 0.7, 0.4, 0.4, 0.4, 0.4, 0.8, 0.8, 0.8, 0.8, 1.0, 1.0, 1.0, 1.0, 1.0, 1.0]"
,,
"['Trigonal Prismatic', '151938.cif']",Mn1,"[0.3, 0.5, 0.5, 0.5, 0.3, 0.5, 0.3, 0.5, 0.5, 0.5, 0.5, 0.3, 0.5, 0.3, 0.5, 0.5, 0.5, 0.3, 1.0, 0.7, 0.7, 0.5, 0.4, 0.5, 0.3, 0.6, 0.7, 0.5, 0.5, 0.4, 0.5, 0.4, 0.7, 0.5, 0.6, 1.0, 0.3, 1.0, 0.1, 0.5, 0.1, 0.5, 0.1, 1.0, 0.1, 0.1, 0.5, 0.0, 0.6, 1.0, 0.1, 0.1, 0.6, 0.5, 0.1, 0.5, 0.1, 0.5, 0.1, 1.0, 0.1, 0.1, 0.5, 0.1, 0.6, 1.0, 0.1, 0.1, 0.6, 0.5, 0.7, 1.0, 0.6, 1.0, 0.1, 0.1, 0.1, 0.5, 0.1, 0.6, 0.1, 0.1, 1.0, 0.5, 0.5, 0.7, 0.4, 0.7, 0.5, 0.5, 0.5, 0.4, 0.6, 1.0, 0.5, 0.6, 0.7, 0.3, 0.3, 0.6, 1.0, 0.0, 0.1, 0.1, 0.5, 0.1, 0.6, 0.1, 0.1, 1.0, 0.5, 0.5, 0.6, 0.6, 0.6, 0.6, 1.0, 0.6, 0.3, 0.6, 0.6, 0.6, 0.3, 0.3, 0.1, 0.1, 0.1, 0.5, 0.1, 0.6, 0.1, 0.1, 1.0, 0.6, 0.5, 0.1, 0.1, 0.6, 0.1, 0.6, 1.0, 0.1, 0.1, 0.6, 0.5, 1.0, 0.7, 1.0, 0.5, 0.1, 1.0, 0.0, 0.6, 0.5, 0.7, 1.0, 0.5, 0.1, 1.0, 0.1, 0.6, 0.5, 0.7, 0.3, 0.6, 0.7, 0.5, 0.4, 0.3, 0.6, 0.1, 1.0, 0.1, 0.6, 0.5, 0.6, 0.6, 0.6, 0.3, 0.3, 0.1, 0.1, 0.6, 0.5, 0.1, 0.6, 0.5, 0.6, 0.5, 0.3]"
,,
"['Trigonal Prismatic', '151938.cif']",Mn2,"[0.3, 0.6, 0.6, 0.6, 0.3, 0.6, 0.4, 0.6, 0.6, 0.6, 0.6, 0.3, 0.6, 0.4, 0.6, 0.6, 0.6, 0.4, 1.0, 0.6, 0.6, 0.6, 0.4, 0.6, 0.4, 0.5, 0.6, 0.6, 0.6, 0.4, 0.6, 0.3, 0.6, 0.6, 0.5, 1.0, 0.3, 1.0, 0.0, 0.6, 0.0, 0.6, 0.0, 1.0, 0.0, 0.0, 0.6, 0.1, 0.6, 1.0, 0.0, 0.0, 0.6, 0.6, 0.0, 0.6, 0.0, 0.6, 0.0, 1.0, 0.0, 0.0, 0.6, 0.0, 0.6, 1.0, 0.0, 0.0, 0.6, 0.6, 0.6, 1.0, 0.6, 1.0, 0.0, 0.0, 0.0, 0.6, 0.0, 0.6, 0.0, 0.0, 1.0, 0.6, 0.6, 0.6, 0.3, 0.6, 0.6, 0.6, 0.6, 0.4, 0.5, 1.0, 0.6, 0.5, 0.6, 0.4, 0.3, 0.6, 1.0, 0.1, 0.0, 0.0, 0.6, 0.0, 0.6, 0.0, 0.0, 1.0, 0.6, 0.6, 0.6, 0.6, 0.6, 0.6, 1.0, 0.6, 0.3, 0.6, 0.6, 0.6, 0.3, 0.4, 0.0, 0.0, 0.0, 0.6, 0.0, 0.6, 0.0, 0.0, 1.0, 0.6, 0.6, 0.0, 0.0, 0.5, 0.0, 0.6, 1.0, 0.0, 0.0, 0.6, 0.6, 1.0, 0.6, 1.0, 0.6, 0.0, 1.0, 0.1, 0.6, 0.6, 0.6, 1.0, 0.6, 0.0, 1.0, 0.0, 0.6, 0.6, 0.6, 0.4, 0.5, 0.6, 0.6, 0.3, 0.3, 0.6, 0.0, 1.0, 0.0, 0.6, 0.6, 0.6, 0.6, 0.6, 0.3, 0.4, 0.0, 0.0, 0.6, 0.6, 0.0, 0.6, 0.6, 0.6, 0.6, 0.4]"
,,
"['Trigonal Prismatic', '151938.cif']",Mn3,"[0.6, 0.3, 0.5, 0.5, 0.6, 0.3, 0.6, 0.5, 0.3, 0.3, 0.5, 0.6, 0.3, 0.6, 0.5, 0.5, 0.3, 0.6, 1.0, 0.6, 1.0, 0.0, 0.0, 0.6, 0.0, 1.0, 0.6, 0.6, 0.0, 0.0, 0.5, 1.0, 0.1, 0.0, 0.6, 0.0, 0.6, 0.6, 0.6, 0.6, 0.4, 0.5, 0.6, 0.4, 0.4, 0.6, 0.6, 0.3, 0.6, 0.6, 0.5, 1.0, 0.6, 0.3, 0.1, 0.0, 0.6, 0.0, 1.0, 0.6, 0.6, 0.1, 0.0, 0.5, 1.0, 0.1, 0.0, 0.6, 0.1, 0.5, 1.0, 0.6, 1.0, 0.1, 0.5, 0.6, 0.1, 0.0, 0.6, 0.1, 0.0, 1.0, 0.6, 0.0, 0.5, 0.6, 1.0, 0.1, 0.5, 0.6, 0.0, 0.0, 0.6, 0.0, 0.0, 1.0, 0.6, 0.0, 0.6, 0.6, 0.6, 0.3, 0.4, 0.6, 0.6, 1.0, 0.6, 0.5, 0.6, 0.4, 0.5, 0.3, 0.0, 0.6, 0.6, 0.1, 0.0, 0.6, 0.0, 0.0, 1.0, 0.6, 0.0, 0.6, 0.6, 0.5, 0.0, 0.0, 0.6, 1.0, 0.1, 0.1, 0.6, 0.0, 0.5, 1.0, 0.6, 0.6, 0.3, 0.6, 0.6, 0.6, 0.3, 0.6, 0.3, 0.6, 0.6, 0.4, 0.5, 0.6, 0.6, 0.3, 0.6, 0.3, 1.0, 0.6, 0.0, 1.0, 0.1, 0.5, 1.0, 0.5, 0.6, 0.0, 1.0, 0.1, 0.5, 1.0, 0.6, 0.6, 0.6, 0.6, 0.3, 0.6, 0.3, 0.0, 0.0, 0.6, 0.0, 0.6, 0.1, 0.6, 1.0, 0.5, 0.6, 0.0, 0.5, 0.6, 0.3, 0.6]"
,,
"['Trigonal Prismatic', '151938.cif']",Na1,"[0.0, 0.0, 0.6, 0.0, 0.6, 0.0, 0.0, 0.0, 0.6, 0.6, 0.0, 0.0, 0.0, 0.6, 0.0, 0.6, 0.0, 0.0, 1.0, 1.0, 0.8, 0.5, 0.4, 0.5, 1.0, 0.6, 0.4, 0.4, 0.5, 0.5, 1.0, 0.5, 0.4, 0.8, 0.6, 0.4, 0.0, 0.8, 0.5, 0.4, 0.5, 1.0, 0.6, 0.3, 0.4, 0.5, 0.5, 1.0, 0.5, 0.4, 0.8, 0.6, 0.4, 0.0, 0.4, 0.0, 0.4, 0.8, 0.5, 0.6, 0.0, 0.4, 0.4, 0.8, 0.7, 0.4, 0.4, 0.5, 0.4, 0.6, 0.8, 1.0, 0.4, 1.0, 0.5, 0.4, 0.5, 0.5, 0.4, 0.8, 0.6, 0.3, 1.0, 0.6, 0.0, 0.8, 0.4, 0.8, 0.7, 0.0, 0.4, 0.4, 0.4, 0.4, 0.5, 0.6, 0.8, 0.5, 0.6, 0.4, 1.0, 0.5, 0.4, 0.5, 0.5, 0.4, 0.8, 0.6, 0.4, 1.0, 0.6, 0.0, 0.5, 0.4, 0.5, 0.6, 0.6, 1.0, 0.4, 0.5, 0.8, 0.5, 0.5, 0.0, 0.4, 0.4, 0.4, 0.4, 0.5, 0.9, 0.5, 0.4, 1.0, 0.5, 0.0, 0.4, 0.8, 0.8, 0.4, 0.0, 0.8, 0.0, 0.4, 0.9, 0.6, 0.8, 0.8, 0.5, 0.6, 0.8, 0.7, 0.4, 0.8, 0.6, 1.0, 0.6, 0.4, 1.0, 0.5, 0.4, 1.0, 0.0, 0.6, 0.3, 1.0, 0.5, 0.4, 1.0, 0.0, 0.4, 0.5, 0.9, 0.5, 0.5, 0.0, 0.4, 0.0, 0.8, 0.4, 0.6, 0.4, 0.5, 1.0, 0.0, 0.4, 0.4, 0.6, 0.5, 0.0, 0.0]"
,,
"['Trigonal Prismatic', '151938.cif']",Na2,"[0.5, 0.6, 0.4, 0.9, 0.8, 0.5, 0.9, 0.4, 0.1, 0.7, 0.3, 0.4, 0.5, 0.5, 0.4, 0.8, 0.1, 0.4, 0.4, 0.4, 1.0, 0.6, 0.6, 0.0, 0.5, 1.0, 0.8, 0.9, 0.5, 0.4, 0.0, 1.0, 0.5, 0.5, 0.4, 0.4, 0.4, 0.5, 0.4, 0.3, 0.5, 0.4, 0.5, 0.7, 0.1, 0.8, 0.9, 0.5, 0.4, 0.9, 0.4, 0.4, 0.8, 0.1, 0.5, 0.5, 0.0, 0.4, 1.0, 0.9, 0.8, 0.6, 0.5, 0.0, 1.0, 0.6, 0.4, 0.4, 0.5, 0.4, 1.0, 0.0, 1.0, 0.5, 0.4, 0.5, 0.4, 0.5, 0.0, 0.6, 0.4, 1.0, 0.4, 0.5, 0.8, 0.0, 1.0, 0.5, 0.4, 0.5, 0.4, 0.5, 0.0, 0.6, 0.4, 1.0, 0.4, 0.5, 0.9, 0.0, 0.0, 0.5, 0.5, 0.0, 0.0, 1.0, 0.0, 0.0, 0.0, 0.5, 0.0, 0.5, 0.4, 0.3, 0.4, 0.5, 0.6, 0.0, 0.5, 0.5, 1.0, 0.5, 0.6, 0.8, 0.8, 0.9, 0.6, 0.5, 0.0, 1.0, 0.6, 0.4, 0.4, 0.5, 0.3, 0.4, 0.5, 0.4, 0.5, 0.9, 0.5, 0.4, 0.1, 0.4, 0.6, 0.4, 0.3, 0.5, 0.8, 0.4, 0.4, 0.6, 0.4, 0.1, 1.0, 0.0, 0.5, 1.0, 0.5, 0.9, 1.0, 0.4, 0.0, 0.4, 1.0, 0.6, 0.8, 1.0, 0.5, 0.0, 0.0, 0.0, 0.5, 0.0, 0.5, 0.5, 0.5, 0.3, 0.4, 0.4, 0.5, 0.8, 1.0, 0.4, 0.5, 0.6, 0.9, 0.9, 0.7, 0.5]"
,,
"['Trigonal Prismatic', '153305.cif']",Co1,"[1.0, 0.3, 0.3, 1.0, 0.7, 0.2, 0.6, 0.6, 0.3, 1.0, 0.6, 0.6, 0.2, 0.7, 0.3, 0.3, 0.3, 0.3, 0.3, 0.3, 0.3, 1.0, 0.7, 0.2, 0.6, 0.6, 0.3, 1.0, 0.6, 0.6, 0.2, 0.7, 0.3, 0.3, 0.3, 0.3, 0.3, 1.0, 0.3, 0.7, 0.6, 0.2, 0.6, 1.0, 0.3, 0.6, 0.2, 0.6, 0.7, 1.0, 0.3, 0.3, 0.3, 0.3, 0.3, 0.7, 0.6, 0.2, 0.6, 1.0, 0.3, 0.6, 0.2, 0.6, 0.7, 1.0, 0.3, 0.3, 0.3, 0.3, 0.7, 0.2, 0.6, 0.6, 0.3, 1.0, 0.6, 0.6, 0.2, 0.7, 0.3, 0.3, 0.3, 0.3, 0.3, 0.5, 0.5, 0.5, 0.7, 0.7, 0.5, 0.5, 0.5, 1.0, 0.7, 0.7, 0.7, 0.7, 0.7, 0.2, 0.2, 0.6, 0.2, 0.2, 0.2, 1.0, 0.5, 0.6, 0.6, 0.6, 0.6, 0.6, 0.2, 0.2, 0.6, 0.2, 1.0, 0.2, 0.5, 0.2, 0.6, 0.6, 0.6, 0.6, 0.6, 0.6, 1.0, 0.2, 0.2, 0.5, 0.6, 0.2, 0.2, 0.2, 0.2, 0.3, 0.6, 0.2, 0.6, 0.7, 1.0, 0.3, 0.3, 0.3, 0.3, 0.6, 0.6, 0.2, 0.7, 0.3, 0.3, 0.3, 0.3, 0.3, 0.2, 0.2, 0.5, 0.6, 0.2, 0.2, 0.2, 0.2, 0.2, 0.5, 0.2, 0.6, 0.6, 0.6, 0.6, 0.5, 0.6, 0.6, 0.6, 0.6, 0.6, 0.7, 0.7, 0.7, 0.7, 0.7, 0.3, 0.3, 0.3, 0.3, 1.0, 1.0, 1.0, 1.0, 1.0, 1.0]"
,,
"['Trigonal Prismatic', '153305.cif']",Na1,"[0.5, 0.5, 1.0, 0.4, 0.4, 1.0, 0.5, 0.9, 0.0, 0.0, 0.9, 1.0, 0.5, 0.4, 0.4, 0.5, 0.5, 0.5, 0.5, 1.0, 0.5, 0.4, 0.9, 0.5, 1.0, 0.4, 0.0, 0.0, 0.4, 0.5, 1.0, 0.9, 0.4, 0.5, 0.5, 0.5, 0.5, 0.5, 0.4, 0.9, 0.5, 1.0, 0.4, 0.0, 0.0, 0.4, 0.5, 1.0, 0.9, 0.4, 0.5, 0.5, 0.5, 0.5, 0.4, 0.4, 1.0, 0.5, 0.9, 0.0, 0.0, 0.9, 1.0, 0.5, 0.4, 0.4, 0.5, 0.5, 0.5, 0.5, 0.6, 0.4, 0.4, 0.6, 0.5, 0.5, 0.1, 0.4, 0.4, 0.1, 0.5, 0.9, 0.9, 0.9, 0.9, 0.4, 0.9, 0.1, 0.5, 0.5, 0.6, 0.4, 0.9, 0.5, 0.1, 0.4, 0.4, 0.4, 0.4, 0.5, 0.9, 0.0, 0.0, 0.9, 1.0, 0.5, 0.4, 0.4, 0.5, 0.5, 0.5, 0.5, 0.4, 0.0, 0.0, 0.4, 0.5, 1.0, 0.9, 0.4, 0.5, 0.5, 0.5, 0.5, 0.5, 0.5, 0.5, 0.9, 0.4, 0.6, 0.1, 0.4, 0.4, 0.4, 0.4, 1.0, 0.5, 0.0, 0.0, 0.5, 0.5, 0.0, 0.0, 0.0, 0.0, 0.5, 0.0, 0.0, 0.5, 0.5, 0.0, 0.0, 0.0, 0.0, 0.9, 0.4, 0.1, 0.6, 0.4, 0.4, 0.4, 0.4, 0.5, 0.4, 0.4, 0.5, 0.5, 0.5, 0.5, 0.9, 0.4, 0.5, 0.5, 0.5, 0.5, 0.6, 0.4, 0.4, 0.4, 0.4, 0.9, 0.9, 0.9, 0.9, 1.0, 1.0, 1.0, 1.0, 1.0, 1.0]"
,,
"['Trigonal Prismatic', '153305.cif']",Na2,"[1.0, 0.4, 0.4, 1.0, 0.9, 0.0, 0.5, 0.5, 0.5, 1.0, 0.5, 0.5, 0.0, 0.9, 0.5, 0.4, 0.4, 0.5, 0.5, 0.4, 0.4, 1.0, 0.9, 0.0, 0.5, 0.5, 0.5, 1.0, 0.5, 0.5, 0.0, 0.9, 0.5, 0.4, 0.4, 0.5, 0.5, 0.6, 0.4, 0.6, 0.5, 0.4, 0.4, 0.4, 0.4, 0.9, 0.9, 0.5, 0.1, 0.9, 0.1, 0.5, 0.9, 0.4, 0.4, 0.1, 0.5, 0.9, 0.9, 0.9, 0.4, 0.4, 0.4, 0.5, 0.6, 0.4, 0.5, 0.1, 0.4, 0.9, 0.9, 0.0, 0.5, 0.5, 0.5, 1.0, 0.5, 0.5, 0.0, 0.9, 0.5, 0.4, 0.4, 0.5, 0.5, 0.5, 0.4, 0.4, 0.4, 0.9, 0.4, 0.4, 0.5, 0.5, 0.4, 0.6, 0.1, 0.4, 0.4, 0.0, 0.0, 0.0, 0.0, 0.0, 0.0, 1.0, 0.5, 0.0, 0.5, 0.5, 0.0, 0.0, 1.0, 1.0, 0.5, 0.5, 0.5, 0.0, 0.4, 0.5, 0.9, 0.4, 0.5, 1.0, 1.0, 0.5, 0.5, 0.5, 0.0, 0.4, 0.5, 0.9, 0.4, 0.5, 1.0, 0.5, 0.5, 0.5, 0.0, 0.4, 0.5, 0.9, 0.4, 0.5, 1.0, 0.5, 0.5, 0.0, 0.9, 0.5, 0.4, 0.4, 0.5, 0.5, 1.0, 0.0, 0.4, 1.0, 0.4, 0.9, 1.0, 0.5, 0.0, 0.4, 1.0, 0.4, 0.9, 1.0, 0.5, 0.5, 0.0, 0.5, 0.5, 0.0, 0.0, 0.4, 0.1, 0.6, 0.4, 0.4, 0.4, 0.9, 1.0, 0.5, 0.6, 0.4, 0.9, 0.9, 0.4, 0.5]"
,,
"['Trigonal Prismatic', '196278.cif']",Mg1,"[1.0, 0.2, 0.2, 1.0, 0.4, 0.7, 0.6, 0.6, 0.2, 1.0, 0.6, 0.6, 0.7, 0.4, 0.2, 0.2, 0.2, 0.2, 0.2, 0.2, 0.2, 1.0, 0.4, 0.7, 0.6, 0.6, 0.2, 1.0, 0.6, 0.6, 0.7, 0.4, 0.2, 0.2, 0.2, 0.2, 0.2, 1.0, 0.2, 0.6, 0.7, 0.6, 0.4, 1.0, 0.2, 0.4, 0.6, 0.7, 0.6, 1.0, 0.2, 0.2, 0.2, 0.2, 0.2, 0.6, 0.7, 0.6, 0.4, 1.0, 0.2, 0.4, 0.6, 0.7, 0.6, 1.0, 0.2, 0.2, 0.2, 0.2, 0.4, 0.7, 0.6, 0.6, 0.2, 1.0, 0.6, 0.6, 0.7, 0.4, 0.2, 0.2, 0.2, 0.2, 0.2, 0.4, 0.2, 0.2, 0.6, 0.4, 0.2, 0.2, 0.4, 1.0, 0.6, 0.6, 0.6, 0.6, 0.6, 0.4, 0.4, 0.7, 0.7, 0.4, 0.4, 1.0, 0.4, 0.7, 0.7, 0.7, 0.7, 0.7, 0.2, 0.6, 0.6, 0.2, 1.0, 0.4, 0.2, 0.6, 0.4, 0.4, 0.4, 0.4, 0.4, 0.6, 1.0, 0.2, 0.4, 0.2, 0.4, 0.6, 0.6, 0.6, 0.6, 0.2, 0.4, 0.6, 0.7, 0.6, 1.0, 0.2, 0.2, 0.2, 0.2, 0.6, 0.6, 0.7, 0.4, 0.2, 0.2, 0.2, 0.2, 0.2, 0.2, 0.4, 0.2, 0.4, 0.6, 0.6, 0.6, 0.6, 0.4, 0.2, 0.6, 0.4, 0.4, 0.4, 0.4, 0.4, 0.7, 0.7, 0.7, 0.7, 0.7, 0.6, 0.6, 0.6, 0.6, 0.6, 0.2, 0.2, 0.2, 0.2, 1.0, 1.0, 1.0, 1.0, 1.0, 1.0]"
,,
"['Trigonal Prismatic', '196278.cif']",Mn1,"[1.0, 0.2, 0.2, 1.0, 0.4, 0.7, 0.6, 0.6, 0.2, 1.0, 0.6, 0.6, 0.7, 0.4, 0.2, 0.2, 0.2, 0.2, 0.2, 0.2, 0.2, 1.0, 0.4, 0.7, 0.6, 0.6, 0.2, 1.0, 0.6, 0.6, 0.7, 0.4, 0.2, 0.2, 0.2, 0.2, 0.2, 1.0, 0.2, 0.6, 0.7, 0.6, 0.4, 1.0, 0.2, 0.4, 0.6, 0.7, 0.6, 1.0, 0.2, 0.2, 0.2, 0.2, 0.2, 0.6, 0.7, 0.6, 0.4, 1.0, 0.2, 0.4, 0.6, 0.7, 0.6, 1.0, 0.2, 0.2, 0.2, 0.2, 0.4, 0.7, 0.6, 0.6, 0.2, 1.0, 0.6, 0.6, 0.7, 0.4, 0.2, 0.2, 0.2, 0.2, 0.2, 0.4, 0.2, 0.2, 0.6, 0.4, 0.2, 0.2, 0.4, 1.0, 0.6, 0.6, 0.6, 0.6, 0.6, 0.4, 0.4, 0.7, 0.7, 0.4, 0.4, 1.0, 0.4, 0.7, 0.7, 0.7, 0.7, 0.7, 0.2, 0.6, 0.6, 0.2, 1.0, 0.4, 0.2, 0.6, 0.4, 0.4, 0.4, 0.4, 0.4, 0.6, 1.0, 0.2, 0.4, 0.2, 0.4, 0.6, 0.6, 0.6, 0.6, 0.2, 0.4, 0.6, 0.7, 0.6, 1.0, 0.2, 0.2, 0.2, 0.2, 0.6, 0.6, 0.7, 0.4, 0.2, 0.2, 0.2, 0.2, 0.2, 0.2, 0.4, 0.2, 0.4, 0.6, 0.6, 0.6, 0.6, 0.4, 0.2, 0.6, 0.4, 0.4, 0.4, 0.4, 0.4, 0.7, 0.7, 0.7, 0.7, 0.7, 0.6, 0.6, 0.6, 0.6, 0.6, 0.2, 0.2, 0.2, 0.2, 1.0, 1.0, 1.0, 1.0, 1.0, 1.0]"
,,
"['Trigonal Prismatic', '196278.cif']",Na1,"[0.5, 0.5, 1.0, 0.4, 0.4, 1.0, 0.5, 0.8, 0.0, 0.0, 0.8, 1.0, 0.5, 0.4, 0.4, 0.5, 0.5, 0.5, 0.5, 1.0, 0.5, 0.4, 0.8, 0.5, 1.0, 0.4, 0.0, 0.0, 0.4, 0.5, 1.0, 0.8, 0.4, 0.5, 0.5, 0.5, 0.5, 0.5, 0.4, 0.8, 0.5, 1.0, 0.4, 0.0, 0.0, 0.4, 0.5, 1.0, 0.8, 0.4, 0.5, 0.5, 0.5, 0.5, 0.4, 0.4, 1.0, 0.5, 0.8, 0.0, 0.0, 0.8, 1.0, 0.5, 0.4, 0.4, 0.5, 0.5, 0.5, 0.5, 0.7, 0.4, 0.4, 0.7, 0.6, 0.6, 0.0, 0.4, 0.4, 0.0, 0.4, 0.8, 0.8, 0.8, 0.8, 0.4, 0.8, 0.0, 0.6, 0.6, 0.7, 0.4, 0.8, 0.4, 0.0, 0.4, 0.4, 0.4, 0.4, 0.5, 0.8, 0.0, 0.0, 0.8, 1.0, 0.5, 0.4, 0.4, 0.5, 0.5, 0.5, 0.5, 0.4, 0.0, 0.0, 0.4, 0.5, 1.0, 0.8, 0.4, 0.5, 0.5, 0.5, 0.5, 0.6, 0.6, 0.4, 0.8, 0.4, 0.7, 0.0, 0.4, 0.4, 0.4, 0.4, 1.0, 0.6, 0.0, 0.0, 0.6, 0.6, 0.0, 0.0, 0.0, 0.0, 0.6, 0.0, 0.0, 0.6, 0.6, 0.0, 0.0, 0.0, 0.0, 0.8, 0.4, 0.0, 0.7, 0.4, 0.4, 0.4, 0.4, 0.5, 0.4, 0.4, 0.5, 0.5, 0.5, 0.5, 0.8, 0.4, 0.5, 0.5, 0.5, 0.5, 0.7, 0.4, 0.4, 0.4, 0.4, 0.8, 0.8, 0.8, 0.8, 1.0, 1.0, 1.0, 1.0, 1.0, 1.0]"
,,
"['Trigonal Prismatic', '196278.cif']",Na2,"[1.0, 0.4, 0.4, 1.0, 0.8, 0.0, 0.5, 0.5, 0.5, 1.0, 0.5, 0.5, 0.0, 0.8, 0.5, 0.4, 0.4, 0.5, 0.5, 0.4, 0.4, 1.0, 0.8, 0.0, 0.5, 0.5, 0.5, 1.0, 0.5, 0.5, 0.0, 0.8, 0.5, 0.4, 0.4, 0.5, 0.5, 0.7, 0.4, 0.7, 0.6, 0.4, 0.4, 0.4, 0.4, 0.8, 0.8, 0.6, 0.0, 0.8, 0.0, 0.4, 0.8, 0.4, 0.4, 0.0, 0.6, 0.8, 0.8, 0.8, 0.4, 0.4, 0.4, 0.6, 0.7, 0.4, 0.4, 0.0, 0.4, 0.8, 0.8, 0.0, 0.5, 0.5, 0.5, 1.0, 0.5, 0.5, 0.0, 0.8, 0.5, 0.4, 0.4, 0.5, 0.5, 0.6, 0.4, 0.4, 0.4, 0.8, 0.4, 0.4, 0.6, 0.4, 0.4, 0.7, 0.0, 0.4, 0.4, 0.0, 0.0, 0.0, 0.0, 0.0, 0.0, 1.0, 0.6, 0.0, 0.6, 0.6, 0.0, 0.0, 1.0, 1.0, 0.5, 0.5, 0.5, 0.0, 0.4, 0.5, 0.8, 0.4, 0.5, 1.0, 1.0, 0.5, 0.5, 0.5, 0.0, 0.4, 0.5, 0.8, 0.4, 0.5, 1.0, 0.5, 0.5, 0.5, 0.0, 0.4, 0.5, 0.8, 0.4, 0.5, 1.0, 0.5, 0.5, 0.0, 0.8, 0.5, 0.4, 0.4, 0.5, 0.5, 1.0, 0.0, 0.4, 1.0, 0.4, 0.8, 1.0, 0.5, 0.0, 0.4, 1.0, 0.4, 0.8, 1.0, 0.5, 0.6, 0.0, 0.6, 0.6, 0.0, 0.0, 0.4, 0.0, 0.7, 0.4, 0.4, 0.4, 0.8, 1.0, 0.5, 0.7, 0.4, 0.8, 0.8, 0.4, 0.5]"
,,
"['Trigonal Prismatic', '405133.cif']",Na1,"[0.6, 0.5, 0.4, 0.9, 0.8, 0.6, 0.9, 0.5, 0.0, 0.8, 0.2, 0.5, 0.6, 0.5, 0.3, 0.8, 0.0, 0.4, 0.4, 0.4, 1.0, 0.7, 0.6, 0.1, 0.5, 1.0, 0.8, 0.9, 0.5, 0.3, 0.1, 1.0, 0.5, 0.5, 0.3, 0.3, 0.4, 0.6, 0.3, 0.2, 0.6, 0.5, 0.5, 0.8, 0.0, 0.8, 0.9, 0.6, 0.5, 0.9, 0.4, 0.4, 0.8, 0.0, 0.5, 0.5, 0.1, 0.3, 1.0, 0.9, 0.8, 0.6, 0.5, 0.1, 1.0, 0.7, 0.3, 0.4, 0.5, 0.3, 1.0, 0.1, 1.0, 0.5, 0.4, 0.6, 0.3, 0.5, 0.1, 0.6, 0.3, 1.0, 0.4, 0.5, 0.8, 0.1, 1.0, 0.5, 0.5, 0.5, 0.3, 0.5, 0.1, 0.7, 0.3, 1.0, 0.5, 0.5, 0.9, 0.1, 0.1, 0.6, 0.6, 0.1, 0.1, 1.0, 0.1, 0.1, 0.1, 0.6, 0.1, 0.6, 0.3, 0.2, 0.5, 0.5, 0.7, 0.1, 0.5, 0.5, 1.0, 0.5, 0.6, 0.8, 0.8, 0.9, 0.7, 0.5, 0.1, 1.0, 0.6, 0.3, 0.5, 0.5, 0.2, 0.4, 0.5, 0.5, 0.6, 0.9, 0.6, 0.3, 0.0, 0.4, 0.5, 0.5, 0.2, 0.6, 0.8, 0.4, 0.4, 0.5, 0.3, 0.0, 1.0, 0.1, 0.5, 1.0, 0.5, 0.9, 1.0, 0.5, 0.1, 0.3, 1.0, 0.6, 0.8, 1.0, 0.5, 0.1, 0.1, 0.1, 0.6, 0.1, 0.6, 0.5, 0.5, 0.2, 0.3, 0.5, 0.5, 0.8, 1.0, 0.4, 0.6, 0.7, 0.9, 0.9, 0.8, 0.6]"
,,
"['Trigonal Prismatic', '405133.cif']",O1,"[0.1, 0.1, 1.0, 0.4, 0.5, 1.0, 0.0, 0.5, 0.5, 0.5, 0.5, 1.0, 0.0, 0.6, 0.5, 0.0, 0.0, 0.0, 0.0, 1.0, 0.1, 0.5, 0.5, 0.1, 1.0, 0.6, 0.5, 0.5, 0.7, 0.1, 1.0, 0.7, 0.6, 0.0, 0.0, 0.0, 0.0, 0.1, 0.5, 0.4, 0.1, 1.0, 0.5, 0.6, 0.6, 0.6, 0.1, 1.0, 0.6, 0.7, 0.0, 0.0, 0.0, 0.0, 0.4, 0.5, 1.0, 0.0, 0.4, 0.6, 0.6, 0.5, 1.0, 0.0, 0.6, 0.6, 0.0, 0.0, 0.0, 0.0, 0.6, 0.4, 0.6, 0.4, 0.0, 0.1, 0.4, 0.4, 0.4, 0.5, 0.9, 0.7, 0.7, 0.7, 0.7, 0.4, 0.6, 0.0, 0.4, 0.4, 0.1, 0.5, 0.4, 1.0, 0.4, 0.7, 0.7, 0.7, 0.7, 0.0, 0.5, 0.5, 0.5, 0.6, 1.0, 0.0, 0.6, 0.6, 0.0, 0.0, 0.0, 0.0, 0.4, 0.4, 0.5, 0.5, 0.0, 1.0, 0.7, 0.7, 0.1, 0.1, 0.1, 0.1, 0.5, 0.5, 1.0, 0.4, 0.6, 0.2, 0.3, 0.7, 0.7, 0.7, 0.7, 1.0, 0.4, 0.6, 0.6, 0.3, 0.3, 0.7, 0.7, 0.7, 0.7, 0.4, 0.6, 0.6, 0.3, 0.4, 0.6, 0.6, 0.6, 0.6, 0.5, 0.7, 0.4, 0.2, 0.6, 0.6, 0.6, 0.6, 0.0, 0.6, 0.5, 0.1, 0.1, 0.1, 0.1, 0.6, 0.6, 0.1, 0.1, 0.1, 0.1, 0.3, 0.6, 0.6, 0.6, 0.6, 0.5, 0.5, 0.5, 0.5, 1.0, 1.0, 1.0, 1.0, 1.0, 1.0]"
,,
"['Trigonal Prismatic', '405133.cif']",Ru1,"[1.0, 0.0, 0.0, 1.0, 0.6, 0.6, 0.6, 0.6, 0.0, 1.0, 0.6, 0.6, 0.6, 0.6, 0.0, 0.0, 0.0, 0.0, 0.0, 0.0, 0.0, 1.0, 0.6, 0.6, 0.6, 0.6, 0.0, 1.0, 0.6, 0.6, 0.6, 0.6, 0.0, 0.0, 0.0, 0.0, 0.0, 1.0, 0.0, 0.6, 0.6, 0.6, 0.6, 1.0, 0.0, 0.6, 0.6, 0.6, 0.6, 1.0, 0.0, 0.0, 0.0, 0.0, 0.0, 0.6, 0.6, 0.6, 0.6, 1.0, 0.0, 0.6, 0.6, 0.6, 0.6, 1.0, 0.0, 0.0, 0.0, 0.0, 0.6, 0.6, 0.6, 0.6, 0.0, 1.0, 0.6, 0.6, 0.6, 0.6, 0.0, 0.0, 0.0, 0.0, 0.0, 0.3, 0.3, 0.3, 0.6, 0.6, 0.3, 0.3, 0.3, 1.0, 0.6, 0.6, 0.6, 0.6, 0.6, 0.3, 0.3, 0.6, 0.6, 0.3, 0.3, 1.0, 0.3, 0.6, 0.6, 0.6, 0.6, 0.6, 0.3, 0.6, 0.6, 0.3, 1.0, 0.3, 0.3, 0.6, 0.6, 0.6, 0.6, 0.6, 0.6, 0.6, 1.0, 0.3, 0.3, 0.3, 0.6, 0.6, 0.6, 0.6, 0.6, 0.0, 0.6, 0.6, 0.6, 0.6, 1.0, 0.0, 0.0, 0.0, 0.0, 0.6, 0.6, 0.6, 0.6, 0.0, 0.0, 0.0, 0.0, 0.0, 0.3, 0.3, 0.3, 0.6, 0.6, 0.6, 0.6, 0.6, 0.3, 0.3, 0.6, 0.6, 0.6, 0.6, 0.6, 0.3, 0.6, 0.6, 0.6, 0.6, 0.6, 0.6, 0.6, 0.6, 0.6, 0.6, 0.0, 0.0, 0.0, 0.0, 1.0, 1.0, 1.0, 1.0, 1.0, 1.0]"
,,
"['Others', '240263.cif']",Na1,"[0.7, 0.7, 0.0, 0.8, 0.3, 0.2, 0.7, 0.1, 0.2, 0.6, 0.4, 0.5, 0.7, 0.5, 0.6, 0.3, 0.7, 0.4, 0.9, 1.0, 0.7, 0.5, 0.4, 0.0, 1.0, 0.5, 0.3, 0.8, 0.1, 0.0, 1.0, 0.8, 0.2, 0.4, 0.0, 0.0, 0.4, 0.7, 0.5, 0.4, 0.0, 1.0, 0.5, 0.3, 0.8, 0.1, 0.0, 1.0, 0.8, 0.2, 0.4, 0.0, 0.1, 0.5, 0.2, 0.3, 0.3, 0.7, 0.8, 0.2, 0.5, 0.5, 0.5, 0.7, 0.6, 0.4, 0.9, 0.7, 0.3, 0.3, 0.4, 0.8, 0.5, 0.6, 0.7, 0.8, 0.0, 0.1, 0.5, 0.0, 0.1, 0.4, 0.8, 0.1, 0.7, 0.9, 0.4, 0.7, 0.8, 0.3, 0.6, 0.6, 0.4, 0.9, 0.7, 0.1, 0.3, 0.8, 0.3, 0.0, 0.8, 0.9, 0.6, 0.4, 0.4, 0.0, 0.6, 0.4, 0.2, 0.6, 0.6, 0.2, 0.5, 0.3, 0.8, 0.1, 0.0, 1.0, 0.8, 0.2, 0.4, 0.0, 0.0, 0.5, 0.4, 0.0, 0.1, 0.1, 0.5, 0.8, 0.0, 0.7, 0.8, 0.1, 0.3, 0.9, 0.7, 0.6, 0.3, 0.4, 0.6, 0.2, 0.3, 0.8, 0.1, 0.5, 0.4, 0.8, 0.2, 0.3, 0.3, 0.2, 0.5, 0.3, 1.0, 0.1, 0.4, 1.0, 0.7, 0.5, 1.0, 0.7, 0.0, 0.4, 1.0, 0.7, 0.5, 1.0, 0.7, 0.8, 0.1, 0.4, 0.0, 0.0, 0.4, 0.5, 0.3, 0.2, 0.5, 0.4, 0.6, 0.5, 1.0, 0.7, 0.8, 0.6, 0.6, 0.3, 0.8, 0.6]"
,,
"['Others', '240263.cif']",Na2,"[0.7, 0.1, 0.8, 0.2, 0.6, 0.1, 0.7, 0.2, 0.5, 0.1, 0.2, 0.6, 0.3, 0.2, 0.1, 0.1, 0.2, 0.4, 0.2, 0.8, 0.1, 0.2, 0.2, 0.3, 0.6, 0.2, 0.1, 0.2, 0.2, 0.7, 0.1, 0.6, 0.5, 0.2, 0.2, 0.2, 0.4, 0.6, 0.5, 0.3, 0.5, 0.2, 0.5, 0.6, 0.5, 0.4, 0.4, 0.4, 0.7, 0.8, 0.3, 0.4, 0.1, 0.3, 0.5, 0.7, 0.4, 0.4, 0.5, 0.8, 0.4, 0.5, 0.2, 0.4, 0.3, 0.6, 0.3, 0.4, 0.4, 0.0, 0.9, 1.0, 0.7, 1.0, 0.9, 0.5, 0.5, 0.6, 0.5, 0.3, 0.1, 0.6, 1.0, 0.9, 0.7, 0.8, 0.9, 0.9, 0.9, 0.3, 0.3, 0.7, 0.3, 0.3, 0.0, 0.4, 0.9, 0.9, 0.7, 0.6, 1.0, 0.9, 0.5, 0.5, 0.5, 0.6, 0.3, 0.1, 0.6, 1.0, 0.9, 0.7, 0.6, 0.6, 0.6, 0.5, 1.0, 0.5, 0.7, 0.4, 0.6, 0.7, 0.9, 0.9, 0.9, 0.5, 0.5, 0.5, 0.5, 0.3, 0.0, 0.6, 1.0, 0.9, 0.7, 0.1, 0.0, 0.4, 0.1, 0.0, 0.3, 0.2, 0.9, 0.8, 0.4, 1.0, 0.7, 1.0, 0.9, 0.9, 1.0, 0.6, 0.7, 0.9, 0.6, 1.0, 0.9, 0.9, 1.0, 0.5, 0.6, 0.9, 0.6, 0.9, 0.6, 0.7, 0.6, 0.8, 0.9, 0.8, 0.8, 1.0, 0.6, 0.7, 0.9, 0.9, 0.9, 0.4, 0.6, 0.9, 0.8, 0.1, 0.4, 0.7, 0.7, 0.8, 0.9, 0.9, 0.8, 0.9]"
,,
"['Others', '251666.cif']",F2,"[1.0, 0.1, 0.1, 1.0, 0.5, 0.5, 0.6, 0.5, 0.1, 1.0, 0.5, 0.6, 0.5, 0.5, 0.1, 0.0, 0.0, 0.0, 0.0, 0.1, 0.1, 1.0, 0.5, 0.5, 0.6, 0.5, 0.1, 1.0, 0.5, 0.6, 0.5, 0.5, 0.1, 0.0, 0.0, 0.0, 0.0, 1.0, 0.1, 0.5, 0.6, 0.5, 0.5, 1.0, 0.1, 0.5, 0.5, 0.6, 0.5, 1.0, 0.0, 0.0, 0.0, 0.0, 0.1, 0.5, 0.6, 0.5, 0.5, 1.0, 0.1, 0.5, 0.5, 0.6, 0.5, 1.0, 0.0, 0.0, 0.0, 0.0, 0.5, 0.5, 0.6, 0.5, 0.1, 1.0, 0.5, 0.6, 0.5, 0.5, 0.1, 0.0, 0.0, 0.0, 0.0, 0.5, 0.5, 0.1, 0.5, 0.5, 0.1, 0.5, 0.5, 1.0, 0.5, 0.7, 0.7, 0.7, 0.7, 0.2, 0.4, 0.6, 0.5, 0.4, 0.2, 1.0, 0.5, 0.6, 0.6, 0.6, 0.6, 0.6, 0.4, 0.5, 0.6, 0.4, 1.0, 0.2, 0.5, 0.5, 0.6, 0.6, 0.6, 0.6, 0.5, 0.5, 1.0, 0.4, 0.4, 0.1, 0.5, 0.7, 0.7, 0.7, 0.7, 0.1, 0.5, 0.5, 0.6, 0.5, 1.0, 0.0, 0.0, 0.0, 0.0, 0.5, 0.6, 0.5, 0.5, 0.1, 0.0, 0.0, 0.0, 0.0, 0.4, 0.4, 0.1, 0.5, 0.7, 0.7, 0.7, 0.7, 0.2, 0.5, 0.5, 0.6, 0.6, 0.6, 0.6, 0.5, 0.6, 0.6, 0.6, 0.6, 0.6, 0.5, 0.7, 0.7, 0.7, 0.7, 0.0, 0.0, 0.0, 0.0, 1.0, 1.0, 1.0, 1.0, 1.0, 1.0]"
,,
"['Others', '251666.cif']",Na1,"[0.8, 0.2, 0.7, 0.4, 0.6, 0.3, 0.7, 0.0, 0.5, 0.7, 0.2, 0.8, 0.1, 0.2, 0.0, 0.6, 0.2, 0.5, 0.2, 0.7, 0.2, 0.7, 0.2, 0.1, 0.8, 0.2, 0.0, 0.4, 0.0, 0.7, 0.3, 0.6, 0.5, 0.2, 0.6, 0.2, 0.5, 0.6, 0.6, 0.3, 0.5, 0.4, 0.3, 0.6, 0.1, 0.2, 0.3, 0.6, 0.8, 0.8, 0.4, 0.8, 0.3, 0.6, 0.1, 0.8, 0.6, 0.3, 0.2, 0.8, 0.6, 0.3, 0.4, 0.5, 0.3, 0.6, 0.8, 0.4, 0.6, 0.3, 0.4, 0.7, 0.0, 0.9, 0.6, 0.7, 0.6, 0.0, 0.3, 0.0, 0.0, 0.4, 0.9, 0.6, 0.2, 0.9, 0.7, 0.7, 1.0, 0.0, 0.3, 0.8, 0.1, 0.2, 0.0, 0.3, 0.6, 1.0, 0.4, 0.5, 0.9, 0.9, 0.3, 0.5, 0.6, 0.2, 0.1, 0.1, 0.1, 0.8, 1.0, 0.3, 0.4, 0.5, 0.0, 0.5, 1.0, 0.6, 0.8, 0.6, 0.0, 0.1, 0.7, 0.8, 0.7, 0.6, 0.8, 0.5, 0.5, 0.3, 0.2, 0.4, 0.8, 0.8, 0.5, 0.0, 0.2, 0.6, 0.1, 0.0, 0.3, 0.4, 0.8, 0.9, 0.1, 0.9, 0.0, 0.7, 0.4, 0.6, 0.9, 0.4, 0.2, 0.6, 0.4, 0.9, 0.7, 0.7, 0.8, 0.4, 0.5, 0.8, 0.5, 0.7, 0.5, 0.1, 0.0, 0.8, 0.7, 0.9, 0.9, 0.8, 0.1, 0.3, 1.0, 1.0, 0.6, 0.3, 0.4, 1.0, 0.8, 0.4, 0.1, 0.9, 0.0, 0.1, 0.6, 0.6, 0.1, 0.5]"
,,
"['Others', '251666.cif']",Na2,"[0.7, 0.7, 1.0, 0.0, 0.0, 1.0, 0.0, 0.6, 0.6, 0.4, 0.4, 1.0, 0.0, 0.8, 0.8, 0.0, 0.5, 0.5, 0.0, 0.0, 0.7, 0.1, 0.1, 0.7, 0.1, 0.9, 0.0, 0.0, 0.6, 0.7, 0.5, 0.8, 0.3, 0.1, 0.1, 0.9, 0.7, 0.7, 0.1, 0.1, 0.7, 0.1, 0.0, 0.9, 0.6, 0.0, 0.7, 0.5, 0.3, 0.8, 0.1, 0.9, 0.1, 0.7, 0.0, 0.0, 1.0, 0.0, 0.6, 0.6, 0.4, 0.4, 1.0, 0.0, 0.8, 0.8, 0.0, 0.5, 0.5, 0.0, 1.0, 0.0, 1.0, 0.4, 0.5, 0.7, 0.7, 0.0, 0.5, 0.5, 0.5, 1.0, 0.2, 0.2, 0.1, 0.0, 1.0, 0.5, 0.4, 0.7, 0.7, 0.0, 0.5, 0.5, 0.5, 1.0, 0.2, 0.2, 0.1, 0.0, 0.6, 0.6, 0.4, 0.4, 1.0, 0.0, 0.8, 0.8, 0.0, 0.5, 0.5, 0.0, 0.5, 0.5, 0.7, 0.7, 0.0, 0.5, 0.5, 0.5, 1.0, 0.2, 0.2, 0.1, 0.2, 0.2, 0.3, 0.6, 0.3, 0.9, 0.1, 0.4, 0.1, 0.7, 0.7, 0.3, 0.2, 0.6, 0.3, 0.1, 0.9, 0.4, 0.7, 0.1, 0.7, 0.7, 0.4, 0.9, 0.5, 0.1, 0.7, 0.8, 0.4, 0.5, 0.4, 0.9, 0.1, 0.5, 0.7, 0.4, 0.8, 0.5, 0.0, 0.8, 0.8, 0.0, 0.5, 0.5, 0.0, 0.1, 0.1, 0.6, 0.8, 0.8, 0.8, 0.3, 0.5, 0.4, 0.5, 0.3, 0.5, 0.5, 0.4, 0.3, 0.2, 0.2, 0.1, 0.4, 0.8, 0.8]"
,,
"['Others', '251666.cif']",Ni1,"[1.0, 0.0, 0.0, 1.0, 0.6, 0.6, 0.6, 0.5, 0.0, 1.0, 0.5, 0.6, 0.6, 0.6, 0.0, 0.1, 0.1, 0.1, 0.1, 0.0, 0.0, 1.0, 0.6, 0.6, 0.6, 0.5, 0.0, 1.0, 0.5, 0.6, 0.6, 0.6, 0.0, 0.1, 0.1, 0.1, 0.1, 1.0, 0.0, 0.5, 0.6, 0.6, 0.6, 1.0, 0.0, 0.6, 0.6, 0.6, 0.5, 1.0, 0.1, 0.1, 0.1, 0.1, 0.0, 0.5, 0.6, 0.6, 0.6, 1.0, 0.0, 0.6, 0.6, 0.6, 0.5, 1.0, 0.1, 0.1, 0.1, 0.1, 0.6, 0.6, 0.6, 0.5, 0.0, 1.0, 0.5, 0.6, 0.6, 0.6, 0.0, 0.1, 0.1, 0.1, 0.1, 0.3, 0.4, 0.3, 0.5, 0.6, 0.3, 0.4, 0.3, 1.0, 0.5, 0.6, 0.6, 0.6, 0.6, 0.3, 0.3, 0.6, 0.6, 0.3, 0.3, 1.0, 0.3, 0.6, 0.5, 0.5, 0.5, 0.5, 0.4, 0.6, 0.6, 0.4, 1.0, 0.3, 0.4, 0.6, 0.6, 0.6, 0.6, 0.6, 0.6, 0.5, 1.0, 0.4, 0.3, 0.3, 0.6, 0.6, 0.6, 0.6, 0.6, 0.0, 0.6, 0.6, 0.6, 0.5, 1.0, 0.1, 0.1, 0.1, 0.1, 0.5, 0.6, 0.6, 0.6, 0.0, 0.1, 0.1, 0.1, 0.1, 0.4, 0.3, 0.3, 0.6, 0.6, 0.6, 0.6, 0.6, 0.3, 0.4, 0.6, 0.6, 0.6, 0.6, 0.6, 0.3, 0.6, 0.5, 0.5, 0.5, 0.5, 0.5, 0.6, 0.6, 0.6, 0.6, 0.1, 0.1, 0.1, 0.1, 1.0, 1.0, 1.0, 1.0, 1.0, 1.0]"
,,
"['Others', '429556.cif']",Mg1,"[1.0, 0.0, 0.0, 1.0, 0.6, 0.5, 0.6, 0.5, 0.0, 1.0, 0.5, 0.6, 0.5, 0.6, 0.0, 0.1, 0.1, 0.1, 0.1, 0.0, 0.0, 1.0, 0.6, 0.5, 0.6, 0.5, 0.0, 1.0, 0.5, 0.6, 0.5, 0.6, 0.0, 0.1, 0.1, 0.1, 0.1, 1.0, 0.0, 0.6, 0.7, 0.5, 0.5, 1.0, 0.0, 0.5, 0.5, 0.7, 0.6, 1.0, 0.1, 0.1, 0.1, 0.1, 0.0, 0.6, 0.7, 0.5, 0.5, 1.0, 0.0, 0.5, 0.5, 0.7, 0.6, 1.0, 0.1, 0.1, 0.1, 0.1, 0.6, 0.5, 0.6, 0.5, 0.0, 1.0, 0.5, 0.6, 0.5, 0.6, 0.0, 0.1, 0.1, 0.1, 0.1, 0.4, 0.4, 0.3, 0.6, 0.6, 0.3, 0.4, 0.4, 1.0, 0.6, 0.7, 0.7, 0.7, 0.7, 0.3, 0.3, 0.7, 0.5, 0.3, 0.3, 1.0, 0.4, 0.7, 0.6, 0.6, 0.6, 0.6, 0.3, 0.5, 0.6, 0.3, 1.0, 0.3, 0.4, 0.5, 0.6, 0.6, 0.6, 0.6, 0.5, 0.5, 1.0, 0.3, 0.3, 0.3, 0.5, 0.5, 0.5, 0.5, 0.5, 0.0, 0.5, 0.5, 0.7, 0.6, 1.0, 0.1, 0.1, 0.1, 0.1, 0.5, 0.6, 0.5, 0.6, 0.0, 0.1, 0.1, 0.1, 0.1, 0.3, 0.3, 0.3, 0.5, 0.5, 0.5, 0.5, 0.5, 0.3, 0.4, 0.5, 0.6, 0.6, 0.6, 0.6, 0.4, 0.7, 0.6, 0.6, 0.6, 0.6, 0.6, 0.7, 0.7, 0.7, 0.7, 0.1, 0.1, 0.1, 0.1, 1.0, 1.0, 1.0, 1.0, 1.0, 1.0]"
,,
"['Others', '429556.cif']",Mg2,"[0.5, 0.9, 0.0, 0.8, 0.9, 0.5, 0.3, 0.2, 0.6, 0.8, 0.9, 0.5, 0.2, 0.3, 0.6, 0.1, 0.1, 0.1, 0.1, 0.0, 0.9, 0.8, 0.2, 0.3, 0.5, 0.9, 0.6, 0.8, 0.3, 0.2, 0.5, 0.9, 0.6, 0.1, 0.1, 0.1, 0.1, 0.4, 0.5, 0.9, 0.7, 0.7, 0.2, 0.4, 0.5, 0.9, 0.7, 0.6, 0.2, 0.4, 0.1, 0.1, 0.1, 0.1, 0.5, 0.2, 0.7, 0.7, 0.9, 0.4, 0.5, 0.2, 0.6, 0.7, 0.9, 0.4, 0.1, 0.1, 0.1, 0.1, 0.5, 0.2, 0.2, 0.5, 0.4, 0.6, 0.7, 0.4, 0.4, 0.7, 0.9, 0.5, 0.5, 0.5, 0.5, 0.8, 0.4, 0.0, 0.6, 0.7, 0.9, 0.5, 0.6, 0.1, 0.3, 0.2, 0.2, 0.2, 0.2, 0.3, 0.4, 0.5, 0.3, 0.4, 0.3, 1.0, 0.7, 0.4, 0.6, 0.6, 0.6, 0.6, 0.8, 0.5, 0.3, 0.7, 1.0, 0.3, 0.4, 0.4, 0.6, 0.6, 0.6, 0.6, 0.6, 0.7, 0.1, 0.6, 0.5, 0.9, 0.3, 0.2, 0.2, 0.2, 0.2, 1.0, 0.3, 0.3, 0.3, 0.3, 0.0, 0.6, 0.6, 0.6, 0.6, 0.5, 0.1, 0.1, 0.5, 0.3, 0.4, 0.4, 0.4, 0.4, 0.8, 0.2, 0.1, 0.7, 0.3, 0.3, 0.3, 0.3, 0.2, 0.2, 0.6, 0.6, 0.6, 0.6, 0.6, 0.8, 0.6, 0.6, 0.6, 0.6, 0.6, 0.7, 0.3, 0.3, 0.3, 0.3, 0.8, 0.8, 0.8, 0.8, 1.0, 1.0, 1.0, 1.0, 1.0, 1.0]"
,,
"['Others', '429556.cif']",Na1,"[0.2, 0.7, 0.7, 0.3, 0.4, 0.3, 0.3, 0.5, 0.7, 0.3, 0.3, 0.4, 0.5, 0.3, 0.7, 0.4, 0.4, 0.1, 1.0, 0.8, 0.8, 0.4, 0.4, 0.5, 0.4, 0.4, 0.8, 0.4, 0.5, 0.4, 0.4, 0.4, 0.8, 0.4, 0.4, 1.0, 0.0, 1.0, 0.1, 0.0, 0.6, 0.1, 0.6, 1.0, 0.1, 0.6, 0.0, 0.6, 0.1, 1.0, 0.1, 0.1, 0.6, 0.6, 0.1, 0.0, 0.6, 0.1, 0.6, 1.0, 0.1, 0.6, 0.0, 0.6, 0.1, 1.0, 0.1, 0.1, 0.6, 0.6, 1.0, 0.8, 1.0, 0.7, 0.1, 0.4, 0.6, 0.3, 0.6, 0.3, 0.1, 1.0, 0.3, 0.5, 0.4, 0.7, 1.0, 0.7, 0.0, 0.3, 0.6, 0.3, 0.6, 0.3, 0.0, 1.0, 0.2, 0.5, 0.5, 0.8, 0.3, 0.6, 0.6, 0.3, 0.6, 1.0, 0.5, 0.6, 0.7, 0.5, 0.4, 0.2, 0.6, 0.1, 0.3, 0.5, 0.3, 0.7, 0.3, 0.1, 1.0, 0.2, 0.5, 0.4, 0.6, 0.6, 1.0, 0.6, 0.3, 0.7, 0.6, 0.6, 0.6, 0.3, 0.4, 0.1, 0.6, 0.0, 0.6, 0.1, 1.0, 0.1, 0.1, 0.6, 0.6, 0.8, 1.0, 0.7, 1.0, 0.1, 0.3, 1.0, 0.5, 0.4, 0.7, 0.3, 0.8, 0.6, 0.5, 0.7, 0.4, 0.2, 0.7, 1.0, 0.0, 0.2, 1.0, 0.5, 0.5, 0.6, 0.6, 0.6, 0.6, 0.3, 0.4, 0.1, 0.2, 1.0, 0.5, 0.4, 0.1, 0.1, 0.6, 0.6, 0.2, 0.5, 0.5, 0.5, 0.5, 0.3]"
